,0
0,SAMD00025071
1,SAMD00025072
2,SAMD00025073
3,SAMD00133785
4,SAMD00133786
5,SAMD00161792
6,SAMD00161793
7,SAMD00161794
8,SAMD00161795
9,SAMD00161796
10,SAMD00161797
11,SAMD00161798
12,SAMD00161799
13,SAMD00216748
14,SAMD00216750
15,SAMD00216751
16,SAMD00216752
17,SAMD00216753
18,SAMD00216754
19,SAMN00265086
20,SAMN00740385
21,SAMN00740386
22,SAMN00769648
23,SAMN02009288
24,SAMN02009289
25,SAMN02009290
26,SAMN02009291
27,SAMN02009292
28,SAMN02644803
29,SAMN02644804
30,SAMN03014458
31,SAMN03014459
32,SAMN03014460
33,SAMN03014461
34,SAMN03014462
35,SAMN03014463
36,SAMN03014464
37,SAMN03014465
38,SAMN03014466
39,SAMN03014467
40,SAMN03014468
41,SAMN03014469
42,SAMN03014470
43,SAMN03014471
44,SAMN03014472
45,SAMN03014473
46,SAMN03014474
47,SAMN03014475
48,SAMN03014476
49,SAMN03014477
50,SAMN03014478
51,SAMN03014479
52,SAMN03014480
53,SAMN03014481
54,SAMN04932639
55,SAMN04932642
56,SAMN04932645
57,SAMN04932648
58,SAMN05915160
59,SAMN05915163
60,SAMN05915166
61,SAMN05915169
62,SAMN06313145
63,SAMN06314056
64,SAMN06313761
65,SAMN06313158
66,SAMN06313396
67,SAMN06313235
68,SAMN07759887
69,SAMN07759888
70,SAMN08287152
71,SAMN08287153
72,SAMN08287154
73,SAMN08287155
74,SAMN08287156
75,SAMN08287157
76,SAMN08287158
77,SAMN08287159
78,SAMN08287160
79,SAMN08287161
80,SAMN08287162
81,SAMN08287163
82,SAMN08287164
83,SAMN08287165
84,SAMN08287166
85,SAMN08287167
86,SAMN08287168
87,SAMN08287169
88,SAMN08287170
89,SAMN08287171
90,SAMN08287172
91,SAMN08287173
92,SAMN08287174
93,SAMN08287175
94,SAMN08287176
95,SAMN08287177
96,SAMN08287178
97,SAMN08287179
98,SAMN08287180
99,SAMN08287181
100,SAMN08287182
101,SAMN08287183
102,SAMN08287184
103,SAMN08287185
104,SAMN08287186
105,SAMN09214162
106,SAMN09214163
107,SAMN09214164
108,SAMN09214165
109,SAMN09214166
110,SAMN09214167
111,SAMN09214168
112,SAMN09214169
113,SAMN09214170
114,SAMN09214171
115,SAMN09214172
116,SAMN09214173
117,SAMN09214174
118,SAMN09214175
119,SAMN09214176
120,SAMN09214177
121,SAMN09214178
122,SAMN09214179
123,SAMN09214180
124,SAMN09214181
125,SAMN09214182
126,SAMN09214183
127,SAMN09214186
128,SAMN09214187
129,SAMN09690612
130,SAMN09690617
131,SAMN09690622
132,SAMN09690627
133,SAMN09715574
134,SAMN09715575
135,SAMN09715576
136,SAMN09715577
137,SAMN09715578
138,SAMN09715579
139,SAMN09715580
140,SAMN09715581
141,SAMN09715582
142,SAMN09715583
143,SAMN09715584
144,SAMN09715585
145,SAMN09715586
146,SAMN09715587
147,SAMN09715588
148,SAMN09715589
149,SAMN09715590
150,SAMN09715591
151,SAMN09715592
152,SAMN09715593
153,SAMN09715595
154,SAMN09715612
155,SAMN09715613
156,SAMN09715614
157,SAMN09715615
158,SAMN09715616
159,SAMN09715617
160,SAMN09715619
161,SAMN09715620
162,SAMN09715621
163,SAMN09715622
164,SAMN09715625
165,SAMN09715626
166,SAMN09715627
167,SAMN09715628
168,SAMN09715631
169,SAMN09715632
170,SAMN09715633
171,SAMN09715634
172,SAMN09715635
173,SAMN09715636
174,SAMN09715637
175,SAMN09715638
176,SAMN09715639
177,SAMN09715640
178,SAMN09715641
179,SAMN09715643
180,SAMN09715644
181,SAMN09715645
182,SAMN09715646
183,SAMN09715649
184,SAMN09715650
185,SAMN09715651
186,SAMN09715653
187,SAMN09715654
188,SAMN09715655
189,SAMN09715656
190,SAMN09715657
191,SAMN09715659
192,SAMN09715660
193,SAMN09715661
194,SAMN09715662
195,SAMN09715663
196,SAMN09715664
197,SAMN09715665
198,SAMN09715667
199,SAMN09715668
200,SAMN09715669
201,SAMN09715670
202,SAMN09715671
203,SAMN09715672
204,SAMN09715673
205,SAMN09715674
206,SAMN09715675
207,SAMN09715676
208,SAMN09715678
209,SAMN09715681
210,SAMN09715682
211,SAMN09715684
212,SAMN09715685
213,SAMN09715686
214,SAMN09715687
215,SAMN09715688
216,SAMN09715689
217,SAMN09715690
218,SAMN09715691
219,SAMN09715692
220,SAMN09715693
221,SAMN09715694
222,SAMN09715695
223,SAMN09715696
224,SAMN09715697
225,SAMN09715698
226,SAMN09715700
227,SAMN09715702
228,SAMN09715703
229,SAMN09715704
230,SAMN09715706
231,SAMN09715707
232,SAMN09715708
233,SAMN09715709
234,SAMN09715711
235,SAMN09715712
236,SAMN09715713
237,SAMN09715714
238,SAMN09715715
239,SAMN09715717
240,SAMN09715718
241,SAMN09715721
242,SAMN09715722
243,SAMN09715723
244,SAMN09715725
245,SAMN09715726
246,SAMN09715727
247,SAMN09715728
248,SAMN09715729
249,SAMN09715730
250,SAMN09715732
251,SAMN09715733
252,SAMN09715734
253,SAMN09715736
254,SAMN09715738
255,SAMN09715739
256,SAMN09715740
257,SAMN09715741
258,SAMN09715744
259,SAMN09715745
260,SAMN09715747
261,SAMN09715748
262,SAMN09715749
263,SAMN09715750
264,SAMN09715752
265,SAMN09715753
266,SAMN09715755
267,SAMN09715757
268,SAMN09715758
269,SAMN09715760
270,SAMN09715761
271,SAMN09715762
272,SAMN09715763
273,SAMN09715764
274,SAMN09715765
275,SAMN09715767
276,SAMN09715768
277,SAMN09715769
278,SAMN09715770
279,SAMN09715771
280,SAMN09715772
281,SAMN09715773
282,SAMN09715774
283,SAMN09715775
284,SAMN09715777
285,SAMN09715778
286,SAMN09715779
287,SAMN09715780
288,SAMN09715781
289,SAMN09715782
290,SAMN09715783
291,SAMN09715784
292,SAMN09715785
293,SAMN09715786
294,SAMN09715787
295,SAMN09715788
296,SAMN09715789
297,SAMN09715790
298,SAMN09715791
299,SAMN09715792
300,SAMN09715793
301,SAMN09715794
302,SAMN09715795
303,SAMN09715796
304,SAMN09715798
305,SAMN09715799
306,SAMN09715800
307,SAMN09715801
308,SAMN09715802
309,SAMN09715803
310,SAMN09715804
311,SAMN09715805
312,SAMN09715807
313,SAMN09715808
314,SAMN09715809
315,SAMN09715810
316,SAMN09715811
317,SAMN09715812
318,SAMN09715814
319,SAMN09715815
320,SAMN09715816
321,SAMN09715818
322,SAMN09715819
323,SAMN09715820
324,SAMN09715821
325,SAMN09715822
326,SAMN09715823
327,SAMN09715824
328,SAMN09715825
329,SAMN09715829
330,SAMN09715831
331,SAMN09715832
332,SAMN09715833
333,SAMN09715835
334,SAMN09715836
335,SAMN09715837
336,SAMN09715838
337,SAMN09715839
338,SAMN09715840
339,SAMN09715842
340,SAMN09715843
341,SAMN09715844
342,SAMN09715845
343,SAMN09715846
344,SAMN09715847
345,SAMN09715848
346,SAMN09715849
347,SAMN09715850
348,SAMN09715851
349,SAMN09715852
350,SAMN09715853
351,SAMN09715854
352,SAMN09715855
353,SAMN09715856
354,SAMN09715857
355,SAMN09715859
356,SAMN09715861
357,SAMN09715862
358,SAMN09715863
359,SAMN09715864
360,SAMN09715866
361,SAMN09715870
362,SAMN09715871
363,SAMN09715873
364,SAMN09715874
365,SAMN09715875
366,SAMN09715876
367,SAMN09715877
368,SAMN09715878
369,SAMN09715879
370,SAMN09715880
371,SAMN09715881
372,SAMN09715882
373,SAMN09715883
374,SAMN09715884
375,SAMN09715885
376,SAMN09715886
377,SAMN09715887
378,SAMN09715888
379,SAMN09715891
380,SAMN09715892
381,SAMN09715893
382,SAMN09715894
383,SAMN09715895
384,SAMN09715897
385,SAMN09715898
386,SAMN09715899
387,SAMN09715900
388,SAMN09715901
389,SAMN09715902
390,SAMN09715905
391,SAMN09715906
392,SAMN09715907
393,SAMN09715908
394,SAMN09715910
395,SAMN09715911
396,SAMN09715912
397,SAMN09715913
398,SAMN09715914
399,SAMN09715916
400,SAMN09715918
401,SAMN09715919
402,SAMN09715920
403,SAMN09715922
404,SAMN09715923
405,SAMN09715924
406,SAMN09715926
407,SAMN09715927
408,SAMN09715928
409,SAMN09715929
410,SAMN09715930
411,SAMN09715932
412,SAMN09715934
413,SAMN09715935
414,SAMN09715937
415,SAMN09715938
416,SAMN09715939
417,SAMN09715941
418,SAMN09715942
419,SAMN09715943
420,SAMN09715944
421,SAMN09715945
422,SAMN09715946
423,SAMN09715948
424,SAMN09715949
425,SAMN09715950
426,SAMN09715953
427,SAMN09715954
428,SAMN09715956
429,SAMN09715957
430,SAMN09715958
431,SAMN09715959
432,SAMN09715960
433,SAMN09715961
434,SAMN09715962
435,SAMN09715963
436,SAMN09715964
437,SAMN09715965
438,SAMN09715966
439,SAMN09715971
440,SAMN09715972
441,SAMN09715973
442,SAMN09715974
443,SAMN09715975
444,SAMN09715976
445,SAMN09715977
446,SAMN09715978
447,SAMN09715979
448,SAMN09715980
449,SAMN09715981
450,SAMN09715983
451,SAMN09715984
452,SAMN09715985
453,SAMN09715986
454,SAMN09715987
455,SAMN09715988
456,SAMN09715989
457,SAMN09715990
458,SAMN09715992
459,SAMN09715994
460,SAMN09715995
461,SAMN09715996
462,SAMN09715997
463,SAMN09715998
464,SAMN09716000
465,SAMN09716001
466,SAMN09716002
467,SAMN09716003
468,SAMN09716004
469,SAMN09716005
470,SAMN09716006
471,SAMN09716007
472,SAMN09716008
473,SAMN09716009
474,SAMN09716010
475,SAMN09716012
476,SAMN09716013
477,SAMN09716014
478,SAMN09716015
479,SAMN09716016
480,SAMN09716018
481,SAMN09716019
482,SAMN09716020
483,SAMN09716021
484,SAMN09716022
485,SAMN09716024
486,SAMN09716025
487,SAMN09716027
488,SAMN09716028
489,SAMN09716029
490,SAMN09716031
491,SAMN09716032
492,SAMN09716033
493,SAMN09716034
494,SAMN09716035
495,SAMN09716036
496,SAMN09716037
497,SAMN09716040
498,SAMN09716041
499,SAMN09716043
500,SAMN09716045
501,SAMN09716046
502,SAMN09716047
503,SAMN09716048
504,SAMN09716050
505,SAMN09716051
506,SAMN09716052
507,SAMN09716053
508,SAMN09716054
509,SAMN09716055
510,SAMN09716056
511,SAMN09716058
512,SAMN09716060
513,SAMN09716061
514,SAMN09716062
515,SAMN09716063
516,SAMN09716064
517,SAMN09716065
518,SAMN09716066
519,SAMN09716067
520,SAMN09716068
521,SAMN09716069
522,SAMN09716070
523,SAMN09716072
524,SAMN09716073
525,SAMN09716074
526,SAMN09716075
527,SAMN09716076
528,SAMN09716078
529,SAMN09716079
530,SAMN09716081
531,SAMN09716082
532,SAMN09716083
533,SAMN09716084
534,SAMN09716085
535,SAMN09716086
536,SAMN09716087
537,SAMN09716088
538,SAMN09716089
539,SAMN09716090
540,SAMN09716091
541,SAMN09716092
542,SAMN09716093
543,SAMN09716094
544,SAMN09716095
545,SAMN09716096
546,SAMN09716097
547,SAMN09716099
548,SAMN09716100
549,SAMN09716101
550,SAMN09716102
551,SAMN09716103
552,SAMN09716104
553,SAMN09716105
554,SAMN09716106
555,SAMN09716107
556,SAMN09716108
557,SAMN09716109
558,SAMN09716112
559,SAMN09716113
560,SAMN09716114
561,SAMN09716115
562,SAMN09716116
563,SAMN09716117
564,SAMN09716118
565,SAMN09716119
566,SAMN09716120
567,SAMN09716121
568,SAMN09716122
569,SAMN09716123
570,SAMN09716126
571,SAMN09716128
572,SAMN09716129
573,SAMN09716130
574,SAMN09716131
575,SAMN09716132
576,SAMN09716133
577,SAMN09716134
578,SAMN09716135
579,SAMN09716136
580,SAMN09716137
581,SAMN09716138
582,SAMN09716139
583,SAMN09716140
584,SAMN09716141
585,SAMN09716142
586,SAMN09716143
587,SAMN09716144
588,SAMN09716145
589,SAMN09716146
590,SAMN09716147
591,SAMN09716148
592,SAMN09716149
593,SAMN09716150
594,SAMN09716151
595,SAMN09716152
596,SAMN09716153
597,SAMN09716154
598,SAMN09716155
599,SAMN09716156
600,SAMN09716157
601,SAMN09716158
602,SAMN09716160
603,SAMN09716161
604,SAMN09716162
605,SAMN09716163
606,SAMN09716164
607,SAMN09716166
608,SAMN09716167
609,SAMN09716168
610,SAMN09716169
611,SAMN09716170
612,SAMN09716171
613,SAMN09716172
614,SAMN09716173
615,SAMN09716174
616,SAMN09716175
617,SAMN09716177
618,SAMN09716178
619,SAMN09716180
620,SAMN09716181
621,SAMN09716182
622,SAMN09716183
623,SAMN09716184
624,SAMN09716185
625,SAMN09716187
626,SAMN09716190
627,SAMN09716191
628,SAMN09716192
629,SAMN09716193
630,SAMN09716194
631,SAMN09716196
632,SAMN09716197
633,SAMN09716198
634,SAMN09716199
635,SAMN09716200
636,SAMN09716202
637,SAMN09716203
638,SAMN09716204
639,SAMN09716206
640,SAMN09716207
641,SAMN09716210
642,SAMN09716211
643,SAMN09716212
644,SAMN09716213
645,SAMN09716214
646,SAMN09716216
647,SAMN09716217
648,SAMN09716218
649,SAMN09716219
650,SAMN09716220
651,SAMN09716221
652,SAMN09716223
653,SAMN09716224
654,SAMN09716226
655,SAMN09716227
656,SAMN09716228
657,SAMN09716229
658,SAMN09716231
659,SAMN09716232
660,SAMN09716233
661,SAMN09716234
662,SAMN09716235
663,SAMN09716236
664,SAMN09716237
665,SAMN09716238
666,SAMN09716239
667,SAMN09716240
668,SAMN09716241
669,SAMN09716244
670,SAMN09716245
671,SAMN09716246
672,SAMN09716247
673,SAMN09716248
674,SAMN09716251
675,SAMN09716252
676,SAMN09716253
677,SAMN09716255
678,SAMN09716256
679,SAMN09716257
680,SAMN09716258
681,SAMN09716259
682,SAMN09716260
683,SAMN09716261
684,SAMN09716262
685,SAMN09716263
686,SAMN09716264
687,SAMN09716265
688,SAMN09716266
689,SAMN09716267
690,SAMN09716268
691,SAMN09716269
692,SAMN09716270
693,SAMN09716271
694,SAMN09716272
695,SAMN09716274
696,SAMN09716277
697,SAMN09716278
698,SAMN09716279
699,SAMN09716281
700,SAMN09716282
701,SAMN09716283
702,SAMN09716284
703,SAMN09716285
704,SAMN09716286
705,SAMN09716288
706,SAMN09716289
707,SAMN09716292
708,SAMN09716293
709,SAMN09716294
710,SAMN09716295
711,SAMN09716296
712,SAMN09716298
713,SAMN09716299
714,SAMN09716300
715,SAMN09716301
716,SAMN09716302
717,SAMN09716303
718,SAMN09716304
719,SAMN09716305
720,SAMN09716307
721,SAMN09716310
722,SAMN09716311
723,SAMN09716312
724,SAMN09716313
725,SAMN09716314
726,SAMN09716315
727,SAMN09716316
728,SAMN09716317
729,SAMN09716319
730,SAMN09716320
731,SAMN09716321
732,SAMN09716322
733,SAMN09716323
734,SAMN09716326
735,SAMN09716327
736,SAMN09716328
737,SAMN09716329
738,SAMN09716330
739,SAMN09716331
740,SAMN09716332
741,SAMN09716333
742,SAMN09716334
743,SAMN09716335
744,SAMN09716336
745,SAMN09716337
746,SAMN09716338
747,SAMN09716339
748,SAMN09716340
749,SAMN09716342
750,SAMN09716344
751,SAMN09716346
752,SAMN09716347
753,SAMN09716348
754,SAMN09716349
755,SAMN09716350
756,SAMN09716351
757,SAMN09716352
758,SAMN09716353
759,SAMN09716354
760,SAMN09716355
761,SAMN09716356
762,SAMN09716357
763,SAMN09716358
764,SAMN09716360
765,SAMN09716363
766,SAMN09716364
767,SAMN09716365
768,SAMN09716366
769,SAMN09716368
770,SAMN09716369
771,SAMN09716371
772,SAMN09716372
773,SAMN09716373
774,SAMN09716375
775,SAMN09716376
776,SAMN09716377
777,SAMN09716378
778,SAMN09716379
779,SAMN09716380
780,SAMN09716381
781,SAMN09716382
782,SAMN09716383
783,SAMN09716384
784,SAMN09716385
785,SAMN09716386
786,SAMN09716387
787,SAMN09716388
788,SAMN09716390
789,SAMN09716391
790,SAMN09716392
791,SAMN09716393
792,SAMN09716395
793,SAMN09716396
794,SAMN09716397
795,SAMN09716398
796,SAMN09716399
797,SAMN09716401
798,SAMN09716402
799,SAMN09716403
800,SAMN09716404
801,SAMN09716405
802,SAMN09716406
803,SAMN09716407
804,SAMN09716408
805,SAMN09716409
806,SAMN09716410
807,SAMN09716411
808,SAMN09716414
809,SAMN09716416
810,SAMN09716418
811,SAMN09716419
812,SAMN09716420
813,SAMN09716421
814,SAMN09716422
815,SAMN09716423
816,SAMN09716424
817,SAMN09716425
818,SAMN09716428
819,SAMN09716429
820,SAMN09716430
821,SAMN09716432
822,SAMN09716434
823,SAMN09716435
824,SAMN09716436
825,SAMN09716437
826,SAMN09716439
827,SAMN09716440
828,SAMN09716441
829,SAMN09716442
830,SAMN09716443
831,SAMN09716444
832,SAMN09716445
833,SAMN09716453
834,SAMN09716455
835,SAMN09716456
836,SAMN09716458
837,SAMN09716462
838,SAMN09716463
839,SAMN09716464
840,SAMN09716465
841,SAMN09716466
842,SAMN09716467
843,SAMN09716469
844,SAMN09716470
845,SAMN09716479
846,SAMN09716481
847,SAMN09716482
848,SAMN09716484
849,SAMN09716485
850,SAMN09716487
851,SAMN09716488
852,SAMN09716491
853,SAMN09716492
854,SAMN09716493
855,SAMN09716495
856,SAMN09716496
857,SAMN09716497
858,SAMN09716498
859,SAMN09716499
860,SAMN09716500
861,SAMN09716501
862,SAMN09716502
863,SAMN09716503
864,SAMN09716504
865,SAMN09716505
866,SAMN09716506
867,SAMN09716507
868,SAMN09716508
869,SAMN09716510
870,SAMN09716511
871,SAMN09716512
872,SAMN09716513
873,SAMN09716514
874,SAMN09716515
875,SAMN09716517
876,SAMN09716518
877,SAMN09716519
878,SAMN09716520
879,SAMN09716521
880,SAMN09716522
881,SAMN09716523
882,SAMN09716525
883,SAMN09716527
884,SAMN09716528
885,SAMN09716529
886,SAMN09716530
887,SAMN09716532
888,SAMN09716533
889,SAMN09716534
890,SAMN09716535
891,SAMN09716536
892,SAMN09716540
893,SAMN09716542
894,SAMN09716543
895,SAMN09716545
896,SAMN09716546
897,SAMN09716547
898,SAMN09716548
899,SAMN09716549
900,SAMN09716550
901,SAMN09716551
902,SAMN09716553
903,SAMN09716554
904,SAMN09716555
905,SAMN09716557
906,SAMN09716558
907,SAMN09716559
908,SAMN09716561
909,SAMN09716562
910,SAMN09716563
911,SAMN09716564
912,SAMN09716565
913,SAMN09716566
914,SAMN09716568
915,SAMN09716569
916,SAMN09716570
917,SAMN09716571
918,SAMN09716572
919,SAMN09716573
920,SAMN09716575
921,SAMN09716576
922,SAMN09716577
923,SAMN09716578
924,SAMN09716579
925,SAMN09716581
926,SAMN09716582
927,SAMN09716583
928,SAMN09716584
929,SAMN09716586
930,SAMN09716588
931,SAMN09716589
932,SAMN09716590
933,SAMN09716591
934,SAMN10103091
935,SAMN10103092
936,SAMN11845755
937,SAMN11845756
938,SAMN11845757
939,SAMN12040108
940,SAMN12040109
941,SAMN12040114
942,SAMN12040115
943,SAMN12040120
944,SAMN12040121
945,SAMN12792924
946,SAMN12792925
947,SAMN12792926
948,SAMN12792927
949,SAMN12792928
950,SAMN12792929
951,SAMN14614946
952,SAMN14614947
953,SAMN14614948
954,SAMN14614952
955,SAMN14614953
956,SAMN14614954
957,SAMN14614955
958,SAMN14614956
959,SAMN14614957
960,SAMN15041792
961,SAMN15041793
962,SAMN15041794
963,SAMN15647386
964,SAMN15647388
965,SAMN16294988
966,SAMN16294989
967,SAMN16294990
968,SAMN16295003
969,SAMN16295004
970,SAMN16295005
971,SAMN17205598
972,SAMN17205599
973,SAMN17205600
974,SAMN17205601
975,SAMN17205603
976,SAMN17205607
977,SAMN17205608
978,SAMN17205609
979,SAMN17205610
980,SAMN17205611
981,SAMN17205612
982,SAMN17311458
983,SAMN17311459
984,SAMN18541692
985,SAMN18877647
986,SAMN18877648
987,SAMN18877653
988,SAMN18877654
989,SAMN18877659
990,SAMN18877660
991,SAMN18877665
992,SAMN18877666
993,SAMN19882149
994,SAMN19882150
995,SAMN19882151
996,SAMN19882152
997,SAMN19882153
998,SAMN19882154
999,SAMN20841302
1000,SAMN20841303
1001,SAMN23019674
1002,SAMN23019676
1003,SAMN23019677
1004,SAMN23019679
1005,SAMN23254487
1006,SAMN23254488
1007,SAMN23254489
1008,SAMN23254493
1009,SAMN23254494
1010,SAMN23254495
1011,SAMN27487600
1012,SAMN27488514
1013,SAMN27489211
1014,SAMN27511670
1015,SAMN27511673
1016,SAMN27511676
1017,SAMN27511821
1018,SAMN27511870
1019,SAMN27511871
1020,SAMN16427375
1021,SAMN16427379
1022,SAMN16427383
1023,SAMN16427387
1024,SAMN16427391
1025,SAMN16427395
1026,SAMN16427399
1027,SAMN02597091
1028,SAMN02597093
1029,SAMN02597095
1030,SAMN02597097
1031,SAMN02597099
1032,SAMN02597101
1033,SAMN02597103
1034,SAMN02597105
1035,SAMN02644817
1036,SAMN02644818
1037,SAMN02644819
1038,SAMN02644820
1039,SAMN02644821
1040,SAMN02644822
1041,SAMN02849414
1042,SAMN02849415
1043,SAMN12210911
1044,SAMN09690609
1045,SAMN09690610
1046,SAMN09690614
1047,SAMN09690615
1048,SAMN09690619
1049,SAMN09690620
1050,SAMN09690624
1051,SAMN09690625
1052,SAMN11461629
1053,SAMN11461630
1054,SAMN11461631
1055,SAMN11461632
1056,SAMN11461633
1057,SAMN11461634
1058,SAMN11461635
1059,SAMN11461636
1060,SAMN11461637
1061,SAMN11461638
1062,SAMN16826251
1063,SAMN16826262
1064,SAMN16826263
1065,SAMN16826266
1066,SAMN16826267
1067,SAMN16826269
1068,SAMN16826270
1069,SAMN16826271
1070,SAMN16826273
1071,SAMN16826274
1072,SAMN16826276
1073,SAMN16826277
1074,SAMN19588561
1075,SAMN19588562
1076,SAMN20525558
1077,SAMN20525559
1078,SAMN25263480
1079,SAMN25263481
1080,SAMN25263482
1081,SAMN25263483
1082,SAMN25263484
1083,SAMN25263485
1084,SAMN25263486
1085,SAMN25263487
1086,SAMN25263488
1087,SAMN25263489
1088,SAMN25263490
1089,SAMN25263491
1090,SAMN25263492
1091,SAMN25263493
1092,SAMN25263494
1093,SAMN25263495
1094,SAMN25263496
1095,SAMN25263497
1096,SAMN25263498
1097,SAMN25263499
1098,SAMN25263500
1099,SAMN25263501
1100,SAMN25263502
1101,SAMN25263503
1102,SAMN25263504
1103,SAMN25263505
1104,SAMN25263506
1105,SAMN25263507
1106,SAMN25263508
1107,SAMN25263509
1108,SAMN25263510
1109,SAMN25263511
1110,SAMN25263512
1111,SAMN25263513
1112,SAMN25263514
1113,SAMN25263515
1114,SAMN25263516
1115,SAMN25263517
1116,SAMN25263518
1117,SAMN25263519
1118,SAMN25263520
1119,SAMN25263521
1120,SAMN25263522
1121,SAMN25263523
1122,SAMN25263524
1123,SAMN25263525
1124,SAMN25263526
1125,SAMN25263527
1126,SAMN25263528
1127,SAMN25263529
1128,SAMN25263530
1129,SAMN25263531
1130,SAMN25263532
1131,SAMN25263533
1132,SAMN25263534
1133,SAMN25263535
1134,SAMN25263536
1135,SAMN25263537
1136,SAMN25263538
1137,SAMN25263539
1138,SAMN00265087
1139,SAMN02597090
1140,SAMN02597092
1141,SAMN02597094
1142,SAMN02597096
1143,SAMN02597098
1144,SAMN02597100
1145,SAMN02597102
1146,SAMN02597104
1147,SAMN02644812
1148,SAMN02644813
1149,SAMN02644814
1150,SAMN02644815
1151,SAMN02644816
1152,SAMN03281023
1153,SAMN03281024
1154,SAMN06017460
1155,SAMN09227257
1156,SAMN09227258
1157,SAMN09690611
1158,SAMN09690613
1159,SAMN09690616
1160,SAMN09690618
1161,SAMN09690621
1162,SAMN09690623
1163,SAMN09690626
1164,SAMN09690628
1165,SAMN11513545
1166,SAMN11513546
1167,SAMN11513547
1168,SAMN12671272
1169,SAMN14858278
1170,SAMN14858279
1171,SAMN14858280
1172,SAMN14858281
1173,SAMN16782946
1174,SAMN16784670
1175,SAMN16785328
1176,SAMN16785329
1177,SAMN16786536
1178,SAMN16786537
1179,SAMN16807200
1180,SAMN16807201
1181,SAMN16825487
1182,SAMN16825488
1183,SAMN19588559
1184,SAMN19588560
1185,SAMN20525652
1186,SAMN20525653
1187,SAMN20525659
1188,SAMN20525660
1189,SAMN00265076
1190,SAMN02324424
1191,SAMN02046324
1192,SAMN02046325
1193,SAMN02046327
1194,SAMN02799120
1195,SAMN02799123
1196,SAMN02799125
1197,SAMN02799126
1198,SAMN02799127
1199,SAMN02799128
1200,SAMN02799129
1201,SAMN02799131
1202,SAMN02799132
1203,SAMN02799137
1204,SAMN02799139
1205,SAMN02047222
1206,SAMN02047223
1207,SAMN02047224
1208,SAMN02047225
1209,SAMN02047226
1210,SAMN02047227
1211,SAMN02047228
1212,SAMN02047229
1213,SAMN02047230
1214,SAMN02047231
1215,SAMN02047232
1216,SAMN02047233
1217,SAMN02047234
1218,SAMN02047235
1219,SAMN02047236
1220,SAMN02047237
1221,SAMN02047238
1222,SAMN02047239
1223,SAMN02047240
1224,SAMN02047241
1225,SAMN02047242
1226,SAMN02047243
1227,SAMN02047244
1228,SAMN02047245
1229,SAMN02047246
1230,SAMN02047247
1231,SAMN02047248
1232,SAMN02047249
1233,SAMN02047250
1234,SAMN02047251
1235,SAMN02746728
1236,SAMN02746920
1237,SAMN02747070
1238,SAMN02746748
1239,SAMN02746749
1240,SAMN02746753
1241,SAMN02776932
1242,SAMN02776933
1243,SAMN02776934
1244,SAMN02776935
1245,SAMN02776937
1246,SAMN02776942
1247,SAMN05258394
1248,SAMN05258395
1249,SAMN05258396
1250,SAMN05258397
1251,SAMN05258398
1252,SAMN05258399
1253,SAMN05258400
1254,SAMN05258401
1255,SAMN05258402
1256,SAMN05258403
1257,SAMN06285396
1258,SAMN06285408
1259,SAMN06285409
1260,SAMN06285410
1261,SAMN06285411
1262,SAMN06285412
1263,SAMN06285413
1264,SAMN06285414
1265,SAMN06285415
1266,SAMN06285437
1267,SAMN06285438
1268,SAMN06285439
1269,SAMN06285440
1270,SAMN06285441
1271,SAMN06285457
1272,SAMN07147966
1273,SAMN07147967
1274,SAMN07147968
1275,SAMN07188001
1276,SAMN07188002
1277,SAMN07188003
1278,SAMN07188079
1279,SAMN07188080
1280,SAMN07188081
1281,SAMN07188082
1282,SAMN07188083
1283,SAMN07188336
1284,SAMN07188337
1285,SAMN07188338
1286,SAMN07188339
1287,SAMN08903389
1288,SAMN08903392
1289,SAMN08903393
1290,SAMN08903394
1291,SAMN08903395
1292,SAMN08903396
1293,SAMN08903397
1294,SAMN08903398
1295,SAMN08903399
1296,SAMN08903400
1297,SAMN08903401
1298,SAMN08903402
1299,SAMN08903403
1300,SAMN08903404
1301,SAMN08903405
1302,SAMN10581535
1303,SAMN10581536
1304,SAMN10581538
1305,SAMN16427373
1306,SAMN16427377
1307,SAMN16427381
1308,SAMN16427385
1309,SAMN16427389
1310,SAMN16427393
1311,SAMN16427397
1312,SAMN16725449
1313,SAMN16725450
1314,SAMN16725451
1315,SAMN16725452
1316,SAMN16725453
1317,SAMN16725454
1318,SAMN16725455
1319,SAMN22371165
1320,SAMN22371166
1321,SAMN22371167
1322,SAMN22371168
1323,SAMN22371169
1324,SAMN22371170
1325,SAMN22371171
1326,SAMN22371172
1327,SAMN22371173
1328,SAMN22371174
1329,SAMN22371175
1330,SAMN22371176
1331,SAMN22371177
1332,SAMN22371178
1333,SAMN22371179
1334,SAMN22371180
1335,SAMN22371181
1336,SAMN22371182
1337,SAMN22371183
1338,SAMN22371184
1339,SAMN22371185
1340,SAMN22371186
1341,SAMN22371187
1342,SAMN22371188
1343,SAMN22371189
1344,SAMN22371190
1345,SAMN22371191
1346,SAMN22371192
1347,SAMN22371193
1348,SAMN22371194
1349,SAMN22371195
1350,SAMN22371196
1351,SAMN22371197
1352,SAMN22371198
1353,SAMN22371199
1354,SAMN22371200
1355,SAMN00264986
1356,SAMN00264987
1357,SAMN00264989
1358,SAMN00769650
1359,SAMN01819907
1360,SAMN01819908
1361,SAMN01819909
1362,SAMN01819910
1363,SAMN01819911
1364,SAMN01819912
1365,SAMN01819913
1366,SAMN01819914
1367,SAMN01819915
1368,SAMN01819916
1369,SAMN01819917
1370,SAMN01819918
1371,SAMN01819919
1372,SAMN01819920
1373,SAMN01832607
1374,SAMN01832608
1375,SAMN01832609
1376,SAMN01832610
1377,SAMN01832613
1378,SAMN02046333
1379,SAMN02799130
1380,SAMN02799133
1381,SAMN02799134
1382,SAMN02799135
1383,SAMN02799138
1384,SAMN02799141
1385,SAMN02799142
1386,SAMN02799143
1387,SAMN02799144
1388,SAMN02799147
1389,SAMN02644802
1390,SAMN02741939
1391,SAMN02741944
1392,SAMN02742047
1393,SAMN02776936
1394,SAMN02776939
1395,SAMN02776941
1396,SAMN03083677
1397,SAMN03083678
1398,SAMN03083679
1399,SAMN03083680
1400,SAMN03083681
1401,SAMN03083682
1402,SAMN03083683
1403,SAMN03083684
1404,SAMN03083685
1405,SAMN06285397
1406,SAMN06285398
1407,SAMN06285399
1408,SAMN06285400
1409,SAMN06285416
1410,SAMN06285436
1411,SAMN07147963
1412,SAMN07147964
1413,SAMN07147965
1414,SAMN10581428
1415,SAMN10581537
1416,SAMN11536746
1417,SAMN11536747
1418,SAMN11536748
1419,SAMN11536749
1420,SAMN11536750
1421,SAMN11536751
1422,SAMN11536752
1423,SAMN11536753
1424,SAMN11536754
1425,SAMN11536755
1426,SAMN11536756
1427,SAMN11536757
1428,SAMN11536758
1429,SAMN11536759
1430,SAMN11536760
1431,SAMN11536773
1432,SAMN11536774
1433,SAMN11536775
1434,SAMN11536776
1435,SAMN11536777
1436,SAMN11536778
1437,SAMN11536779
1438,SAMN11536780
1439,SAMN11536781
1440,SAMN11536782
1441,SAMN11536783
1442,SAMN16427372
1443,SAMN16427376
1444,SAMN16427380
1445,SAMN16427384
1446,SAMN16427388
1447,SAMN16427392
1448,SAMN16427396
1449,SAMN18877645
1450,SAMN18877646
1451,SAMN18877651
1452,SAMN18877652
1453,SAMN18877657
1454,SAMN18877658
1455,SAMN18877663
1456,SAMN18877664
1457,SAMN20525553
1458,SAMN20525555
1459,SAMN20525648
1460,SAMN20525649
1461,SAMD00235524
1462,SAMD00235525
1463,SAMD00235526
1464,SAMD00235527
1465,SAMD00235528
1466,SAMD00235529
1467,SAMD00235530
1468,SAMD00235531
1469,SAMD00235532
1470,SAMD00235533
1471,SAMD00235534
1472,SAMD00235535
1473,SAMD00235536
1474,SAMD00235537
1475,SAMD00235538
1476,SAMD00235539
1477,SAMD00235540
1478,SAMD00235541
1479,SAMD00235542
1480,SAMD00235543
1481,SAMD00235544
1482,SAMD00235545
1483,SAMD00235546
1484,SAMD00235547
1485,SAMN00265088
1486,SAMN04320554
1487,SAMN06212809
1488,SAMN06212810
1489,SAMN06212811
1490,SAMN06212812
1491,SAMN06212813
1492,SAMN06212814
1493,SAMN06212815
1494,SAMN06212816
1495,SAMN07188073
1496,SAMN07188074
1497,SAMN07188075
1498,SAMN08828769
1499,SAMN08828770
1500,SAMN08828771
1501,SAMN08828772
1502,SAMN08828773
1503,SAMN08828774
1504,SAMN08828775
1505,SAMN08828776
1506,SAMN08828777
1507,SAMN08828778
1508,SAMN08828779
1509,SAMN08828780
1510,SAMN09295119
1511,SAMN09295120
1512,SAMN09295121
1513,SAMN09295122
1514,SAMN09295123
1515,SAMN09295124
1516,SAMN09295125
1517,SAMN09295126
1518,SAMN09295127
1519,SAMN09295128
1520,SAMN09295129
1521,SAMN09295130
1522,SAMD00025074
1523,SAMD00025075
1524,SAMD00025076
1525,SAMD00133787
1526,SAMD00133788
1527,SAMD00222772
1528,SAMD00222773
1529,SAMD00222774
1530,SAMD00222775
1531,SAMD00222776
1532,SAMD00222777
1533,SAMD00222778
1534,SAMD00222779
1535,SAMD00222780
1536,SAMEA4395172
1537,SAMEA4395173
1538,SAMEA4395174
1539,SAMEA4395175
1540,SAMEA4395176
1541,SAMEA4395177
1542,SAMEA4395178
1543,SAMEA4395179
1544,SAMEA4395180
1545,SAMEA4395181
1546,SAMEA4395182
1547,SAMEA4395183
1548,SAMEA104041776
1549,SAMEA104041777
1550,SAMEA104041778
1551,SAMEA104041779
1552,SAMEA104041780
1553,SAMEA104041781
1554,SAMEA104041782
1555,SAMEA104041783
1556,SAMEA104041784
1557,SAMEA104041785
1558,SAMEA104041786
1559,SAMEA104041787
1560,SAMEA5071870
1561,SAMEA5071871
1562,SAMEA5071872
1563,SAMEA5071873
1564,SAMEA5071874
1565,SAMEA5071875
1566,SAMEA5071876
1567,SAMEA5071877
1568,SAMEA5071878
1569,SAMEA5071879
1570,SAMEA5071880
1571,SAMEA5071881
1572,SAMN00265085
1573,SAMN00769647
1574,SAMN02799124
1575,SAMN02138515
1576,SAMN02140063
1577,SAMN02140064
1578,SAMN02141514
1579,SAMN02141624
1580,SAMN02352879
1581,SAMN02352878
1582,SAMN02352880
1583,SAMN02352881
1584,SAMN02644800
1585,SAMN02742632
1586,SAMN02742633
1587,SAMN02742634
1588,SAMN02742635
1589,SAMN02742636
1590,SAMN02742637
1591,SAMN02742638
1592,SAMN02742639
1593,SAMN02742640
1594,SAMN02742641
1595,SAMN02742642
1596,SAMN02742643
1597,SAMN02742644
1598,SAMN02742645
1599,SAMN02742646
1600,SAMN02742647
1601,SAMN02742648
1602,SAMN02742649
1603,SAMN02742650
1604,SAMN02742651
1605,SAMN02742652
1606,SAMN02870692
1607,SAMN02870693
1608,SAMN03274364
1609,SAMN03275384
1610,SAMN03275399
1611,SAMN03275409
1612,SAMN03275417
1613,SAMN03275422
1614,SAMN03275425
1615,SAMN03275428
1616,SAMN03275431
1617,SAMN03275436
1618,SAMN03406693
1619,SAMN03406694
1620,SAMN03406695
1621,SAMN03406696
1622,SAMN03406697
1623,SAMN03406698
1624,SAMN03406699
1625,SAMN03406700
1626,SAMN03406702
1627,SAMN03406703
1628,SAMN03406704
1629,SAMN03406705
1630,SAMN03406706
1631,SAMN03406707
1632,SAMN03406708
1633,SAMN03406709
1634,SAMN03406710
1635,SAMN04125385
1636,SAMN04125386
1637,SAMN04125387
1638,SAMN04125388
1639,SAMN04125389
1640,SAMN04125390
1641,SAMN04125391
1642,SAMN04125392
1643,SAMN04349708
1644,SAMN04349709
1645,SAMN04349710
1646,SAMN04349711
1647,SAMN04349712
1648,SAMN04349713
1649,SAMN04349714
1650,SAMN04349715
1651,SAMN04349716
1652,SAMN04349717
1653,SAMN04349718
1654,SAMN04349719
1655,SAMN04349720
1656,SAMN04349721
1657,SAMN04349722
1658,SAMN04349723
1659,SAMN04349724
1660,SAMN04349725
1661,SAMN04349726
1662,SAMN04349727
1663,SAMN04349728
1664,SAMN04349729
1665,SAMN04349730
1666,SAMN04349731
1667,SAMN04362176
1668,SAMN04364218
1669,SAMN04364219
1670,SAMN04364220
1671,SAMN04364221
1672,SAMN04364222
1673,SAMN04364223
1674,SAMN04364224
1675,SAMN04364225
1676,SAMN04364226
1677,SAMN04364228
1678,SAMN04364229
1679,SAMN04811513
1680,SAMN04811539
1681,SAMN04811569
1682,SAMN04811577
1683,SAMN04811604
1684,SAMN04932638
1685,SAMN04932641
1686,SAMN04932644
1687,SAMN04932647
1688,SAMN05503912
1689,SAMN05503913
1690,SAMN05503914
1691,SAMN05503915
1692,SAMN05503916
1693,SAMN05503917
1694,SAMN06312682
1695,SAMN06312683
1696,SAMN06312684
1697,SAMN05714713
1698,SAMN05714714
1699,SAMN05714715
1700,SAMN05714716
1701,SAMN05908855
1702,SAMN05908856
1703,SAMN05908868
1704,SAMN05908869
1705,SAMN05908870
1706,SAMN05908871
1707,SAMN05908872
1708,SAMN05908873
1709,SAMN05908874
1710,SAMN05908875
1711,SAMN05908876
1712,SAMN05908877
1713,SAMN05908878
1714,SAMN05908880
1715,SAMN05908881
1716,SAMN05908882
1717,SAMN05908884
1718,SAMN05908887
1719,SAMN05908888
1720,SAMN05908889
1721,SAMN05908890
1722,SAMN05908891
1723,SAMN05908892
1724,SAMN05908894
1725,SAMN05915161
1726,SAMN05915164
1727,SAMN05915167
1728,SAMN05915170
1729,SAMN05929793
1730,SAMN05929794
1731,SAMN05929795
1732,SAMN05969984
1733,SAMN05970071
1734,SAMN05970251
1735,SAMN05970464
1736,SAMN05970465
1737,SAMN05970480
1738,SAMN05970534
1739,SAMN05970539
1740,SAMN05970540
1741,SAMN06313281
1742,SAMN06313451
1743,SAMN06313223
1744,SAMN06313277
1745,SAMN06313252
1746,SAMN06313136
1747,SAMN06314036
1748,SAMN06313864
1749,SAMN06314788
1750,SAMN06314393
1751,SAMN06314339
1752,SAMN06314533
1753,SAMN06314417
1754,SAMN06314328
1755,SAMN06314465
1756,SAMN06314450
1757,SAMN06313900
1758,SAMN06314242
1759,SAMN06314800
1760,SAMN06314692
1761,SAMN06314490
1762,SAMN06313335
1763,SAMN06314373
1764,SAMN06314704
1765,SAMN06314411
1766,SAMN06313415
1767,SAMN06314403
1768,SAMN06314439
1769,SAMN06314297
1770,SAMN06314348
1771,SAMN06314367
1772,SAMN06314597
1773,SAMN06314413
1774,SAMN06314345
1775,SAMN06314503
1776,SAMN06314299
1777,SAMN06314501
1778,SAMN06313751
1779,SAMN06314298
1780,SAMN06314392
1781,SAMN06314665
1782,SAMN06313247
1783,SAMN06314697
1784,SAMN06314287
1785,SAMN06314611
1786,SAMN06314310
1787,SAMN06314313
1788,SAMN06314500
1789,SAMN06314275
1790,SAMN06314374
1791,SAMN06314797
1792,SAMN06314552
1793,SAMN06314621
1794,SAMN06434851
1795,SAMN06434852
1796,SAMN06434853
1797,SAMN06434854
1798,SAMN06434855
1799,SAMN06434856
1800,SAMN07190354
1801,SAMN07190355
1802,SAMN07190356
1803,SAMN07190357
1804,SAMN07190358
1805,SAMN07190359
1806,SAMN07190360
1807,SAMN07190361
1808,SAMN07190362
1809,SAMN07190363
1810,SAMN07190364
1811,SAMN07190365
1812,SAMN07190366
1813,SAMN07190367
1814,SAMN07190368
1815,SAMN07190369
1816,SAMN07190370
1817,SAMN07190371
1818,SAMN07190372
1819,SAMN07190373
1820,SAMN07190374
1821,SAMN07190375
1822,SAMN07190376
1823,SAMN07190377
1824,SAMN07190378
1825,SAMN07190379
1826,SAMN07190380
1827,SAMN07190381
1828,SAMN07190382
1829,SAMN07190383
1830,SAMN07190384
1831,SAMN07190385
1832,SAMN07190386
1833,SAMN07190387
1834,SAMN07190388
1835,SAMN07190389
1836,SAMN07337666
1837,SAMN07337668
1838,SAMN07337669
1839,SAMN07337670
1840,SAMN07337671
1841,SAMN07337673
1842,SAMN07337674
1843,SAMN07342102
1844,SAMN07342103
1845,SAMN07342104
1846,SAMN07342105
1847,SAMN07342106
1848,SAMN07342107
1849,SAMN07436706
1850,SAMN07436707
1851,SAMN07436708
1852,SAMN07436709
1853,SAMN07599985
1854,SAMN07599986
1855,SAMN07599987
1856,SAMN07637373
1857,SAMN07637375
1858,SAMN07637868
1859,SAMN07637870
1860,SAMN07637873
1861,SAMN07637874
1862,SAMN07637875
1863,SAMN07637876
1864,SAMN07637877
1865,SAMN07637897
1866,SAMN07637898
1867,SAMN09714851
1868,SAMN09714852
1869,SAMN09714854
1870,SAMN09714947
1871,SAMN09714949
1872,SAMN09714957
1873,SAMN08463877
1874,SAMN08463878
1875,SAMN08463879
1876,SAMN08463880
1877,SAMN08463881
1878,SAMN08463882
1879,SAMN08463883
1880,SAMN08463884
1881,SAMN08463885
1882,SAMN08463886
1883,SAMN08463887
1884,SAMN08463888
1885,SAMN08463889
1886,SAMN08463890
1887,SAMN08463891
1888,SAMN08463892
1889,SAMN08463893
1890,SAMN08463894
1891,SAMN08469974
1892,SAMN08469975
1893,SAMN08469976
1894,SAMN08469977
1895,SAMN08633985
1896,SAMN08634308
1897,SAMN08634679
1898,SAMN08637756
1899,SAMN08707413
1900,SAMN08707414
1901,SAMN08707415
1902,SAMN08707416
1903,SAMN07430297
1904,SAMN07430298
1905,SAMN07430299
1906,SAMN07430300
1907,SAMN07430305
1908,SAMN07430306
1909,SAMN09240714
1910,SAMN09240715
1911,SAMN09240720
1912,SAMN09240721
1913,SAMN09240722
1914,SAMN09240723
1915,SAMN09513329
1916,SAMN09513330
1917,SAMN09513331
1918,SAMN09513332
1919,SAMN09513333
1920,SAMN09513334
1921,SAMN09513335
1922,SAMN09513336
1923,SAMN09513337
1924,SAMN09513338
1925,SAMN09513339
1926,SAMN09513340
1927,SAMN09513341
1928,SAMN09513342
1929,SAMN09513343
1930,SAMN09513344
1931,SAMN09513345
1932,SAMN09513346
1933,SAMN09513347
1934,SAMN09513348
1935,SAMN09513349
1936,SAMN09513350
1937,SAMN09513351
1938,SAMN09513352
1939,SAMN09513353
1940,SAMN09513354
1941,SAMN09513355
1942,SAMN09513356
1943,SAMN09513357
1944,SAMN09513358
1945,SAMN09513359
1946,SAMN09513360
1947,SAMN09513361
1948,SAMN09513362
1949,SAMN09513363
1950,SAMN09513364
1951,SAMN09513365
1952,SAMN09513366
1953,SAMN09513367
1954,SAMN09513368
1955,SAMN09513369
1956,SAMN09513370
1957,SAMN09513371
1958,SAMN09513372
1959,SAMN09513373
1960,SAMN09513374
1961,SAMN09513375
1962,SAMN09513376
1963,SAMN09513377
1964,SAMN09513378
1965,SAMN09513379
1966,SAMN09513380
1967,SAMN09513381
1968,SAMN09513382
1969,SAMN09513383
1970,SAMN09513384
1971,SAMN09513385
1972,SAMN09513386
1973,SAMN09513387
1974,SAMN09513388
1975,SAMN09513389
1976,SAMN09513390
1977,SAMN09513391
1978,SAMN09513392
1979,SAMN09513393
1980,SAMN09513394
1981,SAMN09513395
1982,SAMN09513396
1983,SAMN09513397
1984,SAMN09513398
1985,SAMN09513399
1986,SAMN09513400
1987,SAMN09513401
1988,SAMN09513402
1989,SAMN09513403
1990,SAMN09513404
1991,SAMN09513405
1992,SAMN09513406
1993,SAMN09513407
1994,SAMN09513408
1995,SAMN09513409
1996,SAMN09513410
1997,SAMN09513411
1998,SAMN09513412
1999,SAMN09513413
2000,SAMN09513414
2001,SAMN09513415
2002,SAMN09513416
2003,SAMN09513417
2004,SAMN09513418
2005,SAMN09513419
2006,SAMN09513420
2007,SAMN09513421
2008,SAMN09513422
2009,SAMN09513423
2010,SAMN09513424
2011,SAMN09513425
2012,SAMN09513426
2013,SAMN09513427
2014,SAMN09513428
2015,SAMN09513429
2016,SAMN09513430
2017,SAMN09513431
2018,SAMN09513432
2019,SAMN09513433
2020,SAMN09513434
2021,SAMN09513435
2022,SAMN09513436
2023,SAMN09513437
2024,SAMN09513438
2025,SAMN09513439
2026,SAMN09513440
2027,SAMN09513441
2028,SAMN09513442
2029,SAMN09513443
2030,SAMN09513444
2031,SAMN09513445
2032,SAMN09513446
2033,SAMN09513447
2034,SAMN09513448
2035,SAMN09513449
2036,SAMN09513450
2037,SAMN09513451
2038,SAMN09513452
2039,SAMN09513454
2040,SAMN09513455
2041,SAMN09513456
2042,SAMN09513457
2043,SAMN09513458
2044,SAMN09513459
2045,SAMN09513460
2046,SAMN09513461
2047,SAMN09513462
2048,SAMN09513463
2049,SAMN09513464
2050,SAMN09513465
2051,SAMN09513466
2052,SAMN09513467
2053,SAMN09513468
2054,SAMN09513469
2055,SAMN09513470
2056,SAMN09513471
2057,SAMN09513472
2058,SAMN09513473
2059,SAMN09513474
2060,SAMN09513475
2061,SAMN09513476
2062,SAMN09513477
2063,SAMN09513479
2064,SAMN09513480
2065,SAMN09513481
2066,SAMN09513482
2067,SAMN09513483
2068,SAMN09513484
2069,SAMN09513485
2070,SAMN09513486
2071,SAMN09513487
2072,SAMN09513488
2073,SAMN09513489
2074,SAMN09513490
2075,SAMN09513491
2076,SAMN09513492
2077,SAMN09513493
2078,SAMN09513494
2079,SAMN09513495
2080,SAMN09513496
2081,SAMN09513497
2082,SAMN09513498
2083,SAMN09513499
2084,SAMN09513500
2085,SAMN09513501
2086,SAMN09513502
2087,SAMN09513503
2088,SAMN09513504
2089,SAMN09513505
2090,SAMN09513506
2091,SAMN09513507
2092,SAMN09513508
2093,SAMN09513509
2094,SAMN09513510
2095,SAMN09513511
2096,SAMN09513512
2097,SAMN09513513
2098,SAMN09513514
2099,SAMN09513515
2100,SAMN09513516
2101,SAMN09513517
2102,SAMN09513518
2103,SAMN09862044
2104,SAMN09862045
2105,SAMN09862046
2106,SAMN09862047
2107,SAMN09862048
2108,SAMN09862049
2109,SAMN09862050
2110,SAMN09862051
2111,SAMN09862052
2112,SAMN10169601
2113,SAMN10169602
2114,SAMN10169603
2115,SAMN10222100
2116,SAMN10222102
2117,SAMN10581530
2118,SAMN10721136
2119,SAMN10721137
2120,SAMN10721138
2121,SAMN10721139
2122,SAMN10721140
2123,SAMN10721141
2124,SAMN10721142
2125,SAMN10721143
2126,SAMN10721144
2127,SAMN10721145
2128,SAMN10721146
2129,SAMN10721147
2130,SAMN10721148
2131,SAMN10721149
2132,SAMN10721150
2133,SAMN10721151
2134,SAMN10721152
2135,SAMN10721153
2136,SAMN10721154
2137,SAMN10721155
2138,SAMN10721156
2139,SAMN10721157
2140,SAMN10721158
2141,SAMN10721159
2142,SAMN10721160
2143,SAMN10721161
2144,SAMN10721162
2145,SAMN10721163
2146,SAMN10721164
2147,SAMN10721165
2148,SAMN10721166
2149,SAMN10721167
2150,SAMN10721168
2151,SAMN10721169
2152,SAMN10721170
2153,SAMN10721171
2154,SAMN10721172
2155,SAMN10721173
2156,SAMN10721174
2157,SAMN10721175
2158,SAMN10721176
2159,SAMN10721177
2160,SAMN10721178
2161,SAMN10721179
2162,SAMN10721180
2163,SAMN10721181
2164,SAMN10721182
2165,SAMN10787355
2166,SAMN11340034
2167,SAMN11340036
2168,SAMN11340037
2169,SAMN11340038
2170,SAMN11340039
2171,SAMN11340040
2172,SAMN11371496
2173,SAMN11371497
2174,SAMN11371498
2175,SAMN11371499
2176,SAMN11371500
2177,SAMN11371501
2178,SAMN11371502
2179,SAMN11371503
2180,SAMN11371504
2181,SAMN11371505
2182,SAMN11371506
2183,SAMN11371507
2184,SAMN11371508
2185,SAMN11371512
2186,SAMN11371513
2187,SAMN11371514
2188,SAMN11371517
2189,SAMN11371518
2190,SAMN11476340
2191,SAMN11476341
2192,SAMN11476342
2193,SAMN11476343
2194,SAMN11476344
2195,SAMN11476345
2196,SAMN11476346
2197,SAMN11476347
2198,SAMN11476392
2199,SAMN11476393
2200,SAMN11476394
2201,SAMN11476395
2202,SAMN11836271
2203,SAMN11836272
2204,SAMN11836273
2205,SAMN11836274
2206,SAMN11836275
2207,SAMN11836276
2208,SAMN11836277
2209,SAMN11836278
2210,SAMN11849866
2211,SAMN11849867
2212,SAMN11849868
2213,SAMN11849872
2214,SAMN11849873
2215,SAMN11849874
2216,SAMN11849875
2217,SAMN11849876
2218,SAMN11849877
2219,SAMN11849878
2220,SAMN11849879
2221,SAMN12040110
2222,SAMN12040111
2223,SAMN12040116
2224,SAMN12040117
2225,SAMN12040122
2226,SAMN12040123
2227,SAMN12099650
2228,SAMN12099651
2229,SAMN12099652
2230,SAMN12099653
2231,SAMN12099654
2232,SAMN12099655
2233,SAMN12099656
2234,SAMN12099657
2235,SAMN12099658
2236,SAMN12099659
2237,SAMN12099660
2238,SAMN12099661
2239,SAMN12099662
2240,SAMN12099663
2241,SAMN12099664
2242,SAMN12099665
2243,SAMN12099666
2244,SAMN12099667
2245,SAMN12099668
2246,SAMN12099669
2247,SAMN12099670
2248,SAMN12099671
2249,SAMN12099672
2250,SAMN12099673
2251,SAMN12099674
2252,SAMN12099675
2253,SAMN12099676
2254,SAMN12099677
2255,SAMN12099678
2256,SAMN12099679
2257,SAMN12099680
2258,SAMN12099681
2259,SAMN12099682
2260,SAMN12099683
2261,SAMN12099684
2262,SAMN12099685
2263,SAMN12600377
2264,SAMN12600378
2265,SAMN12600379
2266,SAMN12600409
2267,SAMN12600410
2268,SAMN12600411
2269,SAMN12600412
2270,SAMN12600413
2271,SAMN12600414
2272,SAMN12868622
2273,SAMN12868623
2274,SAMN12868624
2275,SAMN12868625
2276,SAMN12868626
2277,SAMN12868627
2278,SAMN12868628
2279,SAMN12868629
2280,SAMN12868630
2281,SAMN12868631
2282,SAMN12868632
2283,SAMN12868633
2284,SAMN12868634
2285,SAMN12868635
2286,SAMN12868636
2287,SAMN12868637
2288,SAMN12868638
2289,SAMN12868639
2290,SAMN12868640
2291,SAMN12868642
2292,SAMN12868643
2293,SAMN12868644
2294,SAMN12868646
2295,SAMN12868647
2296,SAMN12868648
2297,SAMN12868649
2298,SAMN12868650
2299,SAMN12868651
2300,SAMN12868652
2301,SAMN12868653
2302,SAMN12868654
2303,SAMN12868655
2304,SAMN12868656
2305,SAMN12868657
2306,SAMN12868658
2307,SAMN12868659
2308,SAMN12868660
2309,SAMN12868661
2310,SAMN12868662
2311,SAMN12868663
2312,SAMN12868664
2313,SAMN12868665
2314,SAMN12868666
2315,SAMN12868667
2316,SAMN12868668
2317,SAMN12868669
2318,SAMN12868670
2319,SAMN12868672
2320,SAMN12868673
2321,SAMN13107028
2322,SAMN13107039
2323,SAMN13107048
2324,SAMN13107049
2325,SAMN13107050
2326,SAMN13107051
2327,SAMN13107052
2328,SAMN13107053
2329,SAMN13107054
2330,SAMN13107057
2331,SAMN13107059
2332,SAMN13107060
2333,SAMN13175301
2334,SAMN13175302
2335,SAMN13386931
2336,SAMN13386932
2337,SAMN13386933
2338,SAMN13386934
2339,SAMN13386935
2340,SAMN13386936
2341,SAMN13386937
2342,SAMN13386938
2343,SAMN13386939
2344,SAMN13386940
2345,SAMN13386941
2346,SAMN13386942
2347,SAMN13743065
2348,SAMN13743066
2349,SAMN13743067
2350,SAMN13743068
2351,SAMN13743069
2352,SAMN13743070
2353,SAMN13743071
2354,SAMN13743072
2355,SAMN13743073
2356,SAMN14070094
2357,SAMN14070095
2358,SAMN14070096
2359,SAMN14070097
2360,SAMN14070098
2361,SAMN14070099
2362,SAMN14409615
2363,SAMN14409616
2364,SAMN14409617
2365,SAMN14409621
2366,SAMN14409622
2367,SAMN14409623
2368,SAMN14474684
2369,SAMN14474685
2370,SAMN14474686
2371,SAMN14474687
2372,SAMN14474692
2373,SAMN14474693
2374,SAMN14474694
2375,SAMN14474695
2376,SAMN14574487
2377,SAMN14574488
2378,SAMN14574489
2379,SAMN14574490
2380,SAMN14574491
2381,SAMN14574492
2382,SAMN14574493
2383,SAMN14574494
2384,SAMN14574495
2385,SAMN14574496
2386,SAMN14574497
2387,SAMN14574498
2388,SAMN14574499
2389,SAMN14574500
2390,SAMN14574501
2391,SAMN14574502
2392,SAMN14642774
2393,SAMN14642775
2394,SAMN14642776
2395,SAMN14642771
2396,SAMN14642772
2397,SAMN14642773
2398,SAMN14786289
2399,SAMN14786290
2400,SAMN14786293
2401,SAMN14786294
2402,SAMN14858282
2403,SAMN15350929
2404,SAMN15350930
2405,SAMN15350931
2406,SAMN15350935
2407,SAMN15350936
2408,SAMN15350937
2409,SAMN15647383
2410,SAMN15647389
2411,SAMN15731791
2412,SAMN15731792
2413,SAMN15731793
2414,SAMN15731794
2415,SAMN15731795
2416,SAMN15731796
2417,SAMN15731797
2418,SAMN15731798
2419,SAMN15731799
2420,SAMN15731800
2421,SAMN15731801
2422,SAMN15731802
2423,SAMN16086456
2424,SAMN16086457
2425,SAMN16086458
2426,SAMN16086459
2427,SAMN16086460
2428,SAMN16086461
2429,SAMN16113912
2430,SAMN16198190
2431,SAMN16198191
2432,SAMN16238399
2433,SAMN16238400
2434,SAMN16238401
2435,SAMN16238402
2436,SAMN16238403
2437,SAMN16238404
2438,SAMN16238405
2439,SAMN16238406
2440,SAMN16238407
2441,SAMN16238408
2442,SAMN16238409
2443,SAMN16238410
2444,SAMN16238411
2445,SAMN16238412
2446,SAMN16238413
2447,SAMN16238414
2448,SAMN16238415
2449,SAMN16238416
2450,SAMN16238417
2451,SAMN16238418
2452,SAMN16295000
2453,SAMN16295001
2454,SAMN16295002
2455,SAMN16295015
2456,SAMN16295016
2457,SAMN16295017
2458,SAMN16674283
2459,SAMN16674284
2460,SAMN16674285
2461,SAMN16674289
2462,SAMN16674290
2463,SAMN16674291
2464,SAMN16674295
2465,SAMN16674296
2466,SAMN16674297
2467,SAMN16674301
2468,SAMN16674302
2469,SAMN16674303
2470,SAMN16674307
2471,SAMN16674309
2472,SAMN16674313
2473,SAMN16674314
2474,SAMN16674315
2475,SAMN16674319
2476,SAMN16674320
2477,SAMN16674321
2478,SAMN17349242
2479,SAMN17349243
2480,SAMN17349244
2481,SAMN17349245
2482,SAMN17349246
2483,SAMN17349247
2484,SAMN17349248
2485,SAMN17349249
2486,SAMN17349250
2487,SAMN17349251
2488,SAMN17349252
2489,SAMN17349253
2490,SAMN21359773
2491,SAMN21359774
2492,SAMN21359775
2493,SAMN21359776
2494,SAMN21359777
2495,SAMN21359778
2496,SAMN21359779
2497,SAMN21359780
2498,SAMN21359781
2499,SAMN21359782
2500,SAMN21359783
2501,SAMN21359784
2502,SAMN21359785
2503,SAMN21359786
2504,SAMN21359787
2505,SAMN21359788
2506,SAMN21359789
2507,SAMN21359790
2508,SAMN21359791
2509,SAMN21359792
2510,SAMN21359793
2511,SAMN21359794
2512,SAMN21359795
2513,SAMN21359796
2514,SAMN21359797
2515,SAMN21359798
2516,SAMN21359799
2517,SAMN21359800
2518,SAMN21359801
2519,SAMN21359802
2520,SAMN21359803
2521,SAMN21359804
2522,SAMN21359805
2523,SAMN21359806
2524,SAMN21359807
2525,SAMN21359808
2526,SAMN21359809
2527,SAMN21359810
2528,SAMN21359811
2529,SAMN21359812
2530,SAMN21359813
2531,SAMN21359814
2532,SAMN21359815
2533,SAMN21359816
2534,SAMN21359817
2535,SAMN21359818
2536,SAMN21359819
2537,SAMN21359820
2538,SAMN21359821
2539,SAMN21359822
2540,SAMN21359823
2541,SAMN21359824
2542,SAMN21359825
2543,SAMN21359826
2544,SAMN21359827
2545,SAMN21359828
2546,SAMN21359829
2547,SAMN21359830
2548,SAMN21359831
2549,SAMN21359832
2550,SAMN21359833
2551,SAMN21359834
2552,SAMN21359835
2553,SAMN21359836
2554,SAMN21359837
2555,SAMN21359838
2556,SAMN21359839
2557,SAMN21359840
2558,SAMN21359841
2559,SAMN21359842
2560,SAMN21359843
2561,SAMN21359844
2562,SAMN21359845
2563,SAMN21359846
2564,SAMN21359847
2565,SAMN21359848
2566,SAMN21359849
2567,SAMN21359850
2568,SAMN21359851
2569,SAMN21359852
2570,SAMN21359853
2571,SAMN21359854
2572,SAMN21359855
2573,SAMN21359856
2574,SAMN21359857
2575,SAMN21359858
2576,SAMN21359859
2577,SAMN21359860
2578,SAMN21359861
2579,SAMN21359862
2580,SAMN21359863
2581,SAMN21359864
2582,SAMN21359865
2583,SAMN21359866
2584,SAMN21359867
2585,SAMN21359869
2586,SAMN21359870
2587,SAMN21359871
2588,SAMN21359872
2589,SAMN21359873
2590,SAMN21359874
2591,SAMN21359875
2592,SAMN21359876
2593,SAMN21359877
2594,SAMN21359878
2595,SAMN21359879
2596,SAMN21359880
2597,SAMN18524021
2598,SAMN18524022
2599,SAMN18524023
2600,SAMN18524024
2601,SAMN18524025
2602,SAMN18524026
2603,SAMN18524027
2604,SAMN18524028
2605,SAMN18524029
2606,SAMN18524030
2607,SAMN18524031
2608,SAMN18524032
2609,SAMN18877643
2610,SAMN18877644
2611,SAMN18877649
2612,SAMN18877650
2613,SAMN18877655
2614,SAMN18877656
2615,SAMN18877661
2616,SAMN18877662
2617,SAMN18929605
2618,SAMN18929617
2619,SAMN18929618
2620,SAMN18929619
2621,SAMN18929620
2622,SAMN18929621
2623,SAMN18929622
2624,SAMN18929623
2625,SAMN18929624
2626,SAMN18929625
2627,SAMN18929628
2628,SAMN18929629
2629,SAMN19217946
2630,SAMN19217947
2631,SAMN19217948
2632,SAMN19217949
2633,SAMN19217950
2634,SAMN19217951
2635,SAMN19217952
2636,SAMN19217953
2637,SAMN19288366
2638,SAMN19288367
2639,SAMN19288368
2640,SAMN19288369
2641,SAMN19288370
2642,SAMN19288371
2643,SAMN19288375
2644,SAMN19288377
2645,SAMN19288390
2646,SAMN19288391
2647,SAMN19288392
2648,SAMN19288393
2649,SAMN19288394
2650,SAMN19288395
2651,SAMN19355588
2652,SAMN19355589
2653,SAMN19355590
2654,SAMN19355591
2655,SAMN19355592
2656,SAMN19355593
2657,SAMN19355595
2658,SAMN19355596
2659,SAMN19355597
2660,SAMN19355598
2661,SAMN19355599
2662,SAMN20475803
2663,SAMN20475804
2664,SAMN20475805
2665,SAMN20475806
2666,SAMN20475807
2667,SAMN20475808
2668,SAMN20475809
2669,SAMN20475810
2670,SAMN20525560
2671,SAMN20525561
2672,SAMN21216015
2673,SAMN21216016
2674,SAMN21216017
2675,SAMN21216018
2676,SAMN21216019
2677,SAMN21216020
2678,SAMN21216021
2679,SAMN21216022
2680,SAMN21465487
2681,SAMN21465488
2682,SAMN21465489
2683,SAMN21465490
2684,SAMN21465491
2685,SAMN21465492
2686,SAMN21465493
2687,SAMN21465494
2688,SAMN21465495
2689,SAMN21465496
2690,SAMN21465497
2691,SAMN21465498
2692,SAMN21873507
2693,SAMN21873508
2694,SAMN23254490
2695,SAMN23254491
2696,SAMN23254492
2697,SAMN23254496
2698,SAMN23254497
2699,SAMN23254498
2700,SAMN24224867
2701,SAMN24224868
2702,SAMN24224869
2703,SAMN24224870
2704,SAMN24224871
2705,SAMN24224872
2706,SAMN24224873
2707,SAMN24505281
2708,SAMN24505282
2709,SAMN24505283
2710,SAMN24505284
2711,SAMN24505285
2712,SAMN24505286
2713,SAMN24505287
2714,SAMN24505288
2715,SAMN24505289
2716,SAMN24505290
2717,SAMN24505291
2718,SAMN24505292
2719,SAMN26344676
2720,SAMN26344677
2721,SAMN26344678
2722,SAMN26344679
2723,SAMN26344680
2724,SAMN26344681
2725,SAMN26344682
2726,SAMN26344683
2727,SAMN26344684
2728,SAMN26344685
2729,SAMN26344686
2730,SAMN26344687
2731,SAMN26420998
2732,SAMN26421001
2733,SAMN26421002
2734,SAMN26421003
2735,SAMN26421004
2736,SAMN26421006
2737,SAMN26810700
2738,SAMN26810702
2739,SAMN26810704
2740,SAMN26810705
2741,SAMN27616102
2742,SAMN27616103
2743,SAMN27616104
2744,SAMN27616105
2745,SAMN27616106
2746,SAMN27616107
2747,SAMN28000073
2748,SAMN28000074
2749,SAMN28000075
2750,SAMN28000076
2751,SAMN28000077
2752,SAMN28000078
2753,SAMN28000079
2754,SAMN28000080
2755,SAMN28000081
2756,SAMN28000082
2757,SAMN28000083
2758,SAMN28000084
2759,SAMN02197702
2760,SAMN12210912
2761,SAMN09539558
2762,SAMN09539559
2763,SAMN09539560
2764,SAMN09539561
2765,SAMN09539562
2766,SAMN09539563
2767,SAMN10222101
2768,SAMN10222103
2769,SAMN10222104
2770,SAMN11371495
2771,SAMN11371509
2772,SAMN11371510
2773,SAMN11371511
2774,SAMN11371515
2775,SAMN11371516
2776,SAMN12600400
2777,SAMN12600401
2778,SAMN12600402
2779,SAMN12600403
2780,SAMN12600404
2781,SAMN12600405
2782,SAMN12600406
2783,SAMN12600407
2784,SAMN12600408
2785,SAMN14074110
2786,SAMN14074111
2787,SAMN14642777
2788,SAMN14642778
2789,SAMN14642779
2790,SAMN14786291
2791,SAMN14786292
2792,SAMN14858283
2793,SAMN16674280
2794,SAMN16674281
2795,SAMN16674282
2796,SAMN16674286
2797,SAMN16674287
2798,SAMN16674288
2799,SAMN16674292
2800,SAMN16674293
2801,SAMN16674294
2802,SAMN16674298
2803,SAMN16674299
2804,SAMN16674300
2805,SAMN16674304
2806,SAMN16674305
2807,SAMN16674306
2808,SAMN16674310
2809,SAMN16674311
2810,SAMN16674312
2811,SAMN16674316
2812,SAMN16674317
2813,SAMN16674318
2814,SAMN21545854
2815,SAMN21545855
2816,SAMN21545856
2817,SAMN21545857
2818,SAMN21545858
2819,SAMN26810706
2820,SAMN26810707
2821,SAMN26810708
2822,SAMN00265078
2823,SAMN00265079
2824,SAMN00265080
2825,SAMN00265081
2826,SAMN00265082
2827,SAMN00265083
2828,SAMN07457100
2829,SAMN07457101
2830,SAMN00264988
2831,SAMN01832599
2832,SAMN01832600
2833,SAMN01832601
2834,SAMN01832602
2835,SAMN01832603
2836,SAMN01832604
2837,SAMN01832605
2838,SAMN01832606
2839,SAMN01832611
2840,SAMN01832612
2841,SAMN02046326
2842,SAMN02046328
2843,SAMN02046329
2844,SAMN02046330
2845,SAMN02046331
2846,SAMN02046332
2847,SAMN02046334
2848,SAMN02046335
2849,SAMN02046338
2850,SAMN02046339
2851,SAMN02046340
2852,SAMN02046341
2853,SAMN02799136
2854,SAMN02799140
2855,SAMN02799145
2856,SAMN02799149
2857,SAMN02197697
2858,SAMN02197698
2859,SAMN02644823
2860,SAMN02644824
2861,SAMN02644825
2862,SAMN02644826
2863,SAMN02644827
2864,SAMN02709646
2865,SAMN02709647
2866,SAMN02709648
2867,SAMN02709649
2868,SAMN02709650
2869,SAMN02709651
2870,SAMN02709652
2871,SAMN02709653
2872,SAMN02709654
2873,SAMN03274465
2874,SAMN03274466
2875,SAMN03274467
2876,SAMN03274468
2877,SAMN03274469
2878,SAMN03274470
2879,SAMN03274471
2880,SAMN03274472
2881,SAMN03274473
2882,SAMN03274474
2883,SAMN03274475
2884,SAMN03274476
2885,SAMN03274477
2886,SAMN03274478
2887,SAMN03274479
2888,SAMN03274480
2889,SAMN03274481
2890,SAMN03274482
2891,SAMN03274483
2892,SAMN03274484
2893,SAMN03274485
2894,SAMN03274486
2895,SAMN03274487
2896,SAMN03274488
2897,SAMN03274489
2898,SAMN03274490
2899,SAMN03274491
2900,SAMN03274492
2901,SAMN03274493
2902,SAMN03274494
2903,SAMN03274495
2904,SAMN03274496
2905,SAMN03274497
2906,SAMN03274498
2907,SAMN03274499
2908,SAMN03274500
2909,SAMN03299425
2910,SAMN04281009
2911,SAMN04305367
2912,SAMN04305368
2913,SAMN04305369
2914,SAMN04305370
2915,SAMN04305371
2916,SAMN04305372
2917,SAMN04305381
2918,SAMN04305382
2919,SAMN04305383
2920,SAMN04305384
2921,SAMN04305385
2922,SAMN04305386
2923,SAMN04305387
2924,SAMN04305388
2925,SAMN04305389
2926,SAMN04305390
2927,SAMN04305391
2928,SAMN04305392
2929,SAMN04305393
2930,SAMN04305394
2931,SAMN04305395
2932,SAMN04305396
2933,SAMN04305397
2934,SAMN04305398
2935,SAMN04305399
2936,SAMN04305400
2937,SAMN04305401
2938,SAMN04305402
2939,SAMN04305403
2940,SAMN04305404
2941,SAMN04563582
2942,SAMN04563583
2943,SAMN04563584
2944,SAMN04563585
2945,SAMN04563586
2946,SAMN04563587
2947,SAMN04563588
2948,SAMN04563589
2949,SAMN04563590
2950,SAMN04563591
2951,SAMN04563592
2952,SAMN04563593
2953,SAMN04563594
2954,SAMN04563595
2955,SAMN04563596
2956,SAMN04563597
2957,SAMN04563598
2958,SAMN04563599
2959,SAMN04563600
2960,SAMN04563601
2961,SAMN05223294
2962,SAMN05223295
2963,SAMN05223296
2964,SAMN05223297
2965,SAMN05223298
2966,SAMN05223299
2967,SAMN05223300
2968,SAMN05223301
2969,SAMN05223302
2970,SAMN05223303
2971,SAMN05223304
2972,SAMN05223305
2973,SAMN05223306
2974,SAMN05223307
2975,SAMN05223308
2976,SAMN05223309
2977,SAMN05223310
2978,SAMN05223311
2979,SAMN05291176
2980,SAMN06287520
2981,SAMN06287521
2982,SAMN06287522
2983,SAMN06287523
2984,SAMN06287524
2985,SAMN06287528
2986,SAMN06313998
2987,SAMN06313971
2988,SAMN06313280
2989,SAMN06313861
2990,SAMN06313745
2991,SAMN06314030
2992,SAMN06313636
2993,SAMN06313916
2994,SAMN06313522
2995,SAMN06313352
2996,SAMN06313968
2997,SAMN06314076
2998,SAMN06313290
2999,SAMN06313312
3000,SAMN06313358
3001,SAMN06313418
3002,SAMN06313595
3003,SAMN06313389
3004,SAMN06313772
3005,SAMN06313670
3006,SAMN06313150
3007,SAMN06313578
3008,SAMN06313385
3009,SAMN06314462
3010,SAMN06314408
3011,SAMN06314479
3012,SAMN06314799
3013,SAMN06830772
3014,SAMN06830773
3015,SAMN06830774
3016,SAMN06830775
3017,SAMN06830776
3018,SAMN06830777
3019,SAMN06830778
3020,SAMN06830779
3021,SAMN06830780
3022,SAMN06830781
3023,SAMN06830782
3024,SAMN07188076
3025,SAMN07188077
3026,SAMN07188078
3027,SAMN07373133
3028,SAMN07373135
3029,SAMN07373136
3030,SAMN07373137
3031,SAMN07373138
3032,SAMN07373139
3033,SAMN07373140
3034,SAMN07373141
3035,SAMN07373142
3036,SAMN07373143
3037,SAMN07373144
3038,SAMN07373145
3039,SAMN07373146
3040,SAMN07373147
3041,SAMN07373148
3042,SAMN07373149
3043,SAMN07373150
3044,SAMN07373151
3045,SAMN07373152
3046,SAMN07373153
3047,SAMN07373154
3048,SAMN07373155
3049,SAMN07373156
3050,SAMN07373157
3051,SAMN07373158
3052,SAMN07373159
3053,SAMN07373160
3054,SAMN07373161
3055,SAMN07373162
3056,SAMN07373163
3057,SAMN07373164
3058,SAMN07373167
3059,SAMN07373168
3060,SAMN07373169
3061,SAMN07373170
3062,SAMN07373171
3063,SAMN07373172
3064,SAMN07373174
3065,SAMN07373175
3066,SAMN07373176
3067,SAMN07373177
3068,SAMN07373178
3069,SAMN07373179
3070,SAMN07373180
3071,SAMN07373181
3072,SAMN07373183
3073,SAMN07373184
3074,SAMN07373185
3075,SAMN07373186
3076,SAMN07373187
3077,SAMN07373188
3078,SAMN07373189
3079,SAMN07373190
3080,SAMN07373191
3081,SAMN07373192
3082,SAMN07373194
3083,SAMN09721190
3084,SAMN09721192
3085,SAMN09721194
3086,SAMN09721196
3087,SAMN09721198
3088,SAMN09721200
3089,SAMN09730119
3090,SAMN09730120
3091,SAMN09730121
3092,SAMN09730122
3093,SAMN09730123
3094,SAMN09730124
3095,SAMN09730125
3096,SAMN09730126
3097,SAMN09730127
3098,SAMN09730128
3099,SAMN09730129
3100,SAMN09730130
3101,SAMN10581532
3102,SAMN10581533
3103,SAMN10581534
3104,SAMN11045866
3105,SAMN11233106
3106,SAMN11233107
3107,SAMN11233123
3108,SAMN11513548
3109,SAMN11513549
3110,SAMN11513550
3111,SAMN11513551
3112,SAMN11513552
3113,SAMN11513553
3114,SAMN11513554
3115,SAMN11513555
3116,SAMN11513556
3117,SAMN11513557
3118,SAMN11513558
3119,SAMN11513559
3120,SAMN11836263
3121,SAMN11836264
3122,SAMN11836265
3123,SAMN11836266
3124,SAMN11836267
3125,SAMN11836268
3126,SAMN11836269
3127,SAMN11836270
3128,SAMN12157997
3129,SAMN12157998
3130,SAMN12157999
3131,SAMN12158000
3132,SAMN12158001
3133,SAMN12158002
3134,SAMN12158003
3135,SAMN12158004
3136,SAMN12158005
3137,SAMN12158006
3138,SAMN12158007
3139,SAMN12158008
3140,SAMN12158009
3141,SAMN12158010
3142,SAMN12158011
3143,SAMN12158012
3144,SAMN12158013
3145,SAMN12158014
3146,SAMN14981344
3147,SAMN15455598
3148,SAMN15455599
3149,SAMN15455600
3150,SAMN15455604
3151,SAMN15455605
3152,SAMN15455606
3153,SAMN15456420
3154,SAMN15456421
3155,SAMN15456422
3156,SAMN15456423
3157,SAMN15456424
3158,SAMN15456425
3159,SAMN15456426
3160,SAMN15456427
3161,SAMN15456428
3162,SAMN15456429
3163,SAMN15456430
3164,SAMN15456431
3165,SAMN15581362
3166,SAMN16776172
3167,SAMN16776173
3168,SAMN17612232
3169,SAMN17612233
3170,SAMN17612234
3171,SAMN17612235
3172,SAMN17612236
3173,SAMN17612237
3174,SAMN17612238
3175,SAMN17612239
3176,SAMN17612240
3177,SAMN17612241
3178,SAMN17612242
3179,SAMN17612243
3180,SAMN17612244
3181,SAMN17612245
3182,SAMN17612246
3183,SAMN17612247
3184,SAMN17612248
3185,SAMN18588787
3186,SAMN18588788
3187,SAMN18588808
3188,SAMN18588809
3189,SAMN18588810
3190,SAMN18588811
3191,SAMN18588812
3192,SAMN18588813
3193,SAMN18588814
3194,SAMN18588815
3195,SAMN18588816
3196,SAMN18588817
3197,SAMN18736571
3198,SAMN18736572
3199,SAMN18736573
3200,SAMN18736574
3201,SAMN18736575
3202,SAMN18736576
3203,SAMN18736577
3204,SAMN18736578
3205,SAMN18736579
3206,SAMN18736580
3207,SAMN18736581
3208,SAMN18736582
3209,SAMN18736583
3210,SAMN18736584
3211,SAMN18736585
3212,SAMN18736586
3213,SAMN18736587
3214,SAMN18736588
3215,SAMN18736589
3216,SAMN18736590
3217,SAMN18736591
3218,SAMN18736592
3219,SAMN18736593
3220,SAMN18736594
3221,SAMN18736595
3222,SAMN18736596
3223,SAMN18736597
3224,SAMN18736598
3225,SAMN18736599
3226,SAMN18736600
3227,SAMN18736601
3228,SAMN18736602
3229,SAMN18736603
3230,SAMN18736604
3231,SAMN18736605
3232,SAMN18736606
3233,SAMN18795860
3234,SAMN18795861
3235,SAMN18795862
3236,SAMN18795863
3237,SAMN18795864
3238,SAMN18795865
3239,SAMN18795866
3240,SAMN18795867
3241,SAMN18795868
3242,SAMN18795869
3243,SAMN18795870
3244,SAMN18795871
3245,SAMN18795872
3246,SAMN18795873
3247,SAMN18795874
3248,SAMN18795875
3249,SAMN18795876
3250,SAMN18795903
3251,SAMN18795904
3252,SAMN18795906
3253,SAMN18795907
3254,SAMN18795908
3255,SAMN18795909
3256,SAMN18795910
3257,SAMN18795911
3258,SAMN18795912
3259,SAMN18795913
3260,SAMN18795914
3261,SAMN18795915
3262,SAMN18795916
3263,SAMN18795917
3264,SAMN18795918
3265,SAMN18795919
3266,SAMN18795920
3267,SAMN18795921
3268,SAMN18795922
3269,SAMN20525646
3270,SAMN20525647
3271,SAMN22371138
3272,SAMN22371139
3273,SAMN22371140
3274,SAMN22371141
3275,SAMN22371142
3276,SAMN22371143
3277,SAMN22371144
3278,SAMN22371145
3279,SAMN22371146
3280,SAMN22371147
3281,SAMN22371148
3282,SAMN22371149
3283,SAMN22371150
3284,SAMN22371151
3285,SAMN22371152
3286,SAMN22371153
3287,SAMN22371154
3288,SAMN22371155
3289,SAMN22371156
3290,SAMN22371157
3291,SAMN22371158
3292,SAMN22371159
3293,SAMN22371160
3294,SAMN22371161
3295,SAMN22371162
3296,SAMN22371163
3297,SAMN22371164
3298,SAMN25290787
3299,SAMN25290788
3300,SAMN25290789
3301,SAMN25290790
3302,SAMN25290791
3303,SAMN25290792
3304,SAMN25290793
3305,SAMN25290794
3306,SAMN25290795
3307,SAMN25290796
3308,SAMN25290797
3309,SAMN25290798
3310,SAMN25290799
3311,SAMN25290800
3312,SAMN25290801
3313,SAMN25290802
3314,SAMN25290803
3315,SAMN25290804
3316,SAMN26879701
3317,SAMN26879702
3318,SAMN26879703
3319,SAMN26879704
3320,SAMN26879705
3321,SAMN26879706
3322,SAMN17141039
3323,SAMN17141040
3324,SAMN17141041
3325,SAMN17141042
3326,SAMN17141043
3327,SAMN17141044
3328,SAMN02799148
3329,SAMN02746727
3330,SAMN02746734
3331,SAMN02746736
3332,SAMN02746750
3333,SAMN02746754
3334,SAMN02746759
3335,SAMN02776940
3336,SAMN02776944
3337,SAMN02776947
3338,SAMD00027203
3339,SAMD00117541
3340,SAMD00117542
3341,SAMD00117543
3342,SAMD00117544
3343,SAMD00117545
3344,SAMD00117546
3345,SAMD00117547
3346,SAMD00117548
3347,SAMD00117549
3348,SAMD00117550
3349,SAMD00117551
3350,SAMD00117552
3351,SAMD00133783
3352,SAMD00133784
3353,SAMN00829056
3354,SAMN00829198
3355,SAMN00265084
3356,SAMN01779513
3357,SAMN01779514
3358,SAMN01779515
3359,SAMN01779516
3360,SAMN01779517
3361,SAMN01779518
3362,SAMN01779519
3363,SAMN01779520
3364,SAMN01779521
3365,SAMN01779522
3366,SAMN01779523
3367,SAMN01779524
3368,SAMN01886330
3369,SAMN01886331
3370,SAMN01886332
3371,SAMN01886333
3372,SAMN01886334
3373,SAMN01886335
3374,SAMN01886336
3375,SAMN01886337
3376,SAMN01886338
3377,SAMN01886339
3378,SAMN01886340
3379,SAMN01886341
3380,SAMN01886342
3381,SAMN01886343
3382,SAMN01886344
3383,SAMN01886345
3384,SAMN01886346
3385,SAMN01886347
3386,SAMN01886348
3387,SAMN01886349
3388,SAMN01886350
3389,SAMN01886351
3390,SAMN01886352
3391,SAMN01886353
3392,SAMN01924548
3393,SAMN01924549
3394,SAMN01924553
3395,SAMN01924554
3396,SAMN01924555
3397,SAMN02009284
3398,SAMN02009285
3399,SAMN02009286
3400,SAMN02009287
3401,SAMN02215336
3402,SAMN02215337
3403,SAMN02215338
3404,SAMN02215341
3405,SAMN02215342
3406,SAMN02215343
3407,SAMN02215345
3408,SAMN02215346
3409,SAMN02215347
3410,SAMN02215348
3411,SAMN02215349
3412,SAMN02215350
3413,SAMN02261680
3414,SAMN02261681
3415,SAMN02261682
3416,SAMN02261683
3417,SAMN02261684
3418,SAMN02261685
3419,SAMN02261686
3420,SAMN02261687
3421,SAMN02261688
3422,SAMN02261689
3423,SAMN02261690
3424,SAMN02261691
3425,SAMN02358841
3426,SAMN02358842
3427,SAMN02358844
3428,SAMN02358845
3429,SAMN02358847
3430,SAMN02358848
3431,SAMN02358849
3432,SAMN02358850
3433,SAMN02358851
3434,SAMN02358852
3435,SAMN02358853
3436,SAMN02358854
3437,SAMN02358855
3438,SAMN02358856
3439,SAMN02358857
3440,SAMN02358858
3441,SAMN02358859
3442,SAMN02358860
3443,SAMN02358861
3444,SAMN02358862
3445,SAMN02358863
3446,SAMN02358864
3447,SAMN02358865
3448,SAMN02358866
3449,SAMN02358867
3450,SAMN02358868
3451,SAMN02358869
3452,SAMN02358870
3453,SAMN02358871
3454,SAMN02358872
3455,SAMN02358873
3456,SAMN02358874
3457,SAMN02358875
3458,SAMN02358876
3459,SAMN02358877
3460,SAMN02358878
3461,SAMN02358879
3462,SAMN02358880
3463,SAMN02358881
3464,SAMN02358882
3465,SAMN02358883
3466,SAMN02358884
3467,SAMN02358885
3468,SAMN02358886
3469,SAMN02358887
3470,SAMN02358888
3471,SAMN02358889
3472,SAMN02358890
3473,SAMN02358891
3474,SAMN02358893
3475,SAMN02358896
3476,SAMN02358899
3477,SAMN02358900
3478,SAMN02358901
3479,SAMN02358902
3480,SAMN02358903
3481,SAMN02358905
3482,SAMN02358906
3483,SAMN02358907
3484,SAMN02358908
3485,SAMN02358909
3486,SAMN02358910
3487,SAMN02358911
3488,SAMN02358912
3489,SAMN02358913
3490,SAMN02358916
3491,SAMN02358917
3492,SAMN02358918
3493,SAMN02358919
3494,SAMN02358921
3495,SAMN02358922
3496,SAMN02358923
3497,SAMN02358924
3498,SAMN02358925
3499,SAMN02358926
3500,SAMN02358927
3501,SAMN02358928
3502,SAMN02358929
3503,SAMN02358930
3504,SAMN02358931
3505,SAMN02358932
3506,SAMN02358933
3507,SAMN02358934
3508,SAMN02358935
3509,SAMN02358936
3510,SAMN02358937
3511,SAMN02358938
3512,SAMN02358939
3513,SAMN02358940
3514,SAMN02358941
3515,SAMN02358942
3516,SAMN02358943
3517,SAMN02358944
3518,SAMN02358945
3519,SAMN02358946
3520,SAMN02358947
3521,SAMN02358950
3522,SAMN02358951
3523,SAMN02358953
3524,SAMN02358954
3525,SAMN02358955
3526,SAMN02358956
3527,SAMN02358957
3528,SAMN02358958
3529,SAMN02358959
3530,SAMN02358960
3531,SAMN02358962
3532,SAMN02358963
3533,SAMN02358965
3534,SAMN02358966
3535,SAMN02358967
3536,SAMN02358971
3537,SAMN02358972
3538,SAMN02358973
3539,SAMN02358974
3540,SAMN02358975
3541,SAMN02358976
3542,SAMN02358978
3543,SAMN02358979
3544,SAMN02358980
3545,SAMN02358981
3546,SAMN02358982
3547,SAMN02358983
3548,SAMN02358984
3549,SAMN02358985
3550,SAMN02358987
3551,SAMN02358989
3552,SAMN02358990
3553,SAMN02358991
3554,SAMN02358992
3555,SAMN02358995
3556,SAMN02358996
3557,SAMN02358997
3558,SAMN02358998
3559,SAMN02358999
3560,SAMN02359000
3561,SAMN02359001
3562,SAMN02359002
3563,SAMN02359003
3564,SAMN02359005
3565,SAMN02359006
3566,SAMN02359007
3567,SAMN02359008
3568,SAMN02359009
3569,SAMN02359010
3570,SAMN02359012
3571,SAMN02359013
3572,SAMN02359014
3573,SAMN02359015
3574,SAMN02359016
3575,SAMN02359017
3576,SAMN02359018
3577,SAMN02359019
3578,SAMN02359020
3579,SAMN02359021
3580,SAMN02359022
3581,SAMN02359023
3582,SAMN02359024
3583,SAMN02359025
3584,SAMN02359026
3585,SAMN02359027
3586,SAMN02359028
3587,SAMN02644805
3588,SAMN02644806
3589,SAMN02644807
3590,SAMN02644809
3591,SAMN02644810
3592,SAMN02644811
3593,SAMN02799427
3594,SAMN02799428
3595,SAMN02799429
3596,SAMN02799430
3597,SAMN02902471
3598,SAMN02902472
3599,SAMN02902473
3600,SAMN02902474
3601,SAMN02902475
3602,SAMN02902476
3603,SAMN02902477
3604,SAMN02902478
3605,SAMN02902479
3606,SAMN02902480
3607,SAMN02902481
3608,SAMN02902482
3609,SAMN02902483
3610,SAMN02902484
3611,SAMN02902485
3612,SAMN02902486
3613,SAMN02944889
3614,SAMN02944890
3615,SAMN02944891
3616,SAMN02944892
3617,SAMN02944893
3618,SAMN02944894
3619,SAMN02944895
3620,SAMN02944896
3621,SAMN02944897
3622,SAMN02944898
3623,SAMN02944899
3624,SAMN02944900
3625,SAMN03083686
3626,SAMN03083687
3627,SAMN03083688
3628,SAMN03083689
3629,SAMN03083690
3630,SAMN03083691
3631,SAMN03083692
3632,SAMN03083693
3633,SAMN03083694
3634,SAMN03083695
3635,SAMN03083696
3636,SAMN03083697
3637,SAMN03083698
3638,SAMN03083699
3639,SAMN03083700
3640,SAMN03169132
3641,SAMN03169133
3642,SAMN03169134
3643,SAMN03169135
3644,SAMN03169136
3645,SAMN03169137
3646,SAMN03169138
3647,SAMN03169139
3648,SAMN03169140
3649,SAMN03169141
3650,SAMN03169142
3651,SAMN03169143
3652,SAMN03169144
3653,SAMN03169145
3654,SAMN03169146
3655,SAMN03169147
3656,SAMN03169148
3657,SAMN03169149
3658,SAMN03169150
3659,SAMN03169151
3660,SAMN03169152
3661,SAMN03169153
3662,SAMN03169154
3663,SAMN03169155
3664,SAMN03169156
3665,SAMN03169157
3666,SAMN03169158
3667,SAMN03169159
3668,SAMN03169160
3669,SAMN03169161
3670,SAMN03274362
3671,SAMN03274363
3672,SAMN03473671
3673,SAMN03473672
3674,SAMN03473673
3675,SAMN03473674
3676,SAMN03473675
3677,SAMN03473676
3678,SAMN03473677
3679,SAMN03473678
3680,SAMN03473679
3681,SAMN03473680
3682,SAMN03473681
3683,SAMN03473682
3684,SAMN03473683
3685,SAMN03473684
3686,SAMN03473685
3687,SAMN03473686
3688,SAMN03473687
3689,SAMN03473688
3690,SAMN03473689
3691,SAMN03473690
3692,SAMN03755595
3693,SAMN03755596
3694,SAMN03755597
3695,SAMN03755598
3696,SAMN03755599
3697,SAMN03755600
3698,SAMN03755601
3699,SAMN03755602
3700,SAMN03755603
3701,SAMN03755604
3702,SAMN03755605
3703,SAMN03755606
3704,SAMN03755607
3705,SAMN03755608
3706,SAMN03755609
3707,SAMN03755610
3708,SAMN03755611
3709,SAMN03755612
3710,SAMN03755613
3711,SAMN03755614
3712,SAMN03755615
3713,SAMN03755616
3714,SAMN03755618
3715,SAMN03755620
3716,SAMN03755621
3717,SAMN03755622
3718,SAMN03755623
3719,SAMN03755624
3720,SAMN03755625
3721,SAMN03755627
3722,SAMN03755628
3723,SAMN03755629
3724,SAMN03761646
3725,SAMN03761647
3726,SAMN03761648
3727,SAMN03761649
3728,SAMN03761650
3729,SAMN03761651
3730,SAMN03761652
3731,SAMN03761653
3732,SAMN03784697
3733,SAMN03785538
3734,SAMN03793157
3735,SAMN03793158
3736,SAMN03797939
3737,SAMN03797950
3738,SAMN03797951
3739,SAMN03797952
3740,SAMN04338521
3741,SAMN04338523
3742,SAMN04338524
3743,SAMN04932637
3744,SAMN04932640
3745,SAMN04932643
3746,SAMN04932646
3747,SAMN05207283
3748,SAMN05327832
3749,SAMN05327833
3750,SAMN05327834
3751,SAMN05327835
3752,SAMN05327836
3753,SAMN05327837
3754,SAMN05327838
3755,SAMN05327839
3756,SAMN05327840
3757,SAMN05327841
3758,SAMN05327842
3759,SAMN05327843
3760,SAMN05327844
3761,SAMN05327845
3762,SAMN05327846
3763,SAMN05327847
3764,SAMN05327848
3765,SAMN05327849
3766,SAMN05327850
3767,SAMN05327851
3768,SAMN05327852
3769,SAMN05327853
3770,SAMN05327854
3771,SAMN05580196
3772,SAMN05580197
3773,SAMN05580198
3774,SAMN05580199
3775,SAMN05580200
3776,SAMN05580201
3777,SAMN05580202
3778,SAMN05580203
3779,SAMN05580204
3780,SAMN05580205
3781,SAMN05580206
3782,SAMN05580207
3783,SAMN05580208
3784,SAMN05580209
3785,SAMN05580210
3786,SAMN05580211
3787,SAMN05580212
3788,SAMN05580213
3789,SAMN05580214
3790,SAMN05580215
3791,SAMN05580216
3792,SAMN05580217
3793,SAMN05580218
3794,SAMN05580219
3795,SAMN05580220
3796,SAMN05580221
3797,SAMN05580222
3798,SAMN05580223
3799,SAMN05580224
3800,SAMN05580225
3801,SAMN05580226
3802,SAMN05580227
3803,SAMN05580228
3804,SAMN05580229
3805,SAMN05580230
3806,SAMN05580231
3807,SAMN05580232
3808,SAMN05580233
3809,SAMN05580234
3810,SAMN05580235
3811,SAMN05580236
3812,SAMN05580237
3813,SAMN05601558
3814,SAMN05601559
3815,SAMN05601560
3816,SAMN05601561
3817,SAMN05755943
3818,SAMN05755944
3819,SAMN05755945
3820,SAMN05755946
3821,SAMN05755947
3822,SAMN05755948
3823,SAMN05755949
3824,SAMN05755950
3825,SAMN05755951
3826,SAMN05755952
3827,SAMN05755953
3828,SAMN05755954
3829,SAMN05755955
3830,SAMN05755956
3831,SAMN05755957
3832,SAMN05755958
3833,SAMN05755959
3834,SAMN05755960
3835,SAMN05755961
3836,SAMN05755962
3837,SAMN05755963
3838,SAMN05755964
3839,SAMN05755965
3840,SAMN05755966
3841,SAMN05915159
3842,SAMN05915162
3843,SAMN05915165
3844,SAMN05915168
3845,SAMN06158133
3846,SAMN06158138
3847,SAMN06158139
3848,SAMN06158140
3849,SAMN06158142
3850,SAMN06158143
3851,SAMN06277413
3852,SAMN06277414
3853,SAMN06277415
3854,SAMN06277416
3855,SAMN06277417
3856,SAMN06277418
3857,SAMN06277419
3858,SAMN06277420
3859,SAMN06277421
3860,SAMN06277422
3861,SAMN06277423
3862,SAMN06277424
3863,SAMN06277425
3864,SAMN06277426
3865,SAMN06277427
3866,SAMN06277428
3867,SAMN06277429
3868,SAMN06277430
3869,SAMN06277431
3870,SAMN06277432
3871,SAMN06277433
3872,SAMN06277434
3873,SAMN06277435
3874,SAMN06277436
3875,SAMN06277437
3876,SAMN06277438
3877,SAMN06277439
3878,SAMN06277440
3879,SAMN06277441
3880,SAMN06277442
3881,SAMN06277443
3882,SAMN06277444
3883,SAMN06277445
3884,SAMN06277446
3885,SAMN06277447
3886,SAMN06277448
3887,SAMN06313671
3888,SAMN06313746
3889,SAMN06313442
3890,SAMN06320227
3891,SAMN06320228
3892,SAMN06644736
3893,SAMN07109350
3894,SAMN07130378
3895,SAMN07130381
3896,SAMN07130383
3897,SAMN07130388
3898,SAMN07130391
3899,SAMN07130392
3900,SAMN07130396
3901,SAMN07202252
3902,SAMN07202253
3903,SAMN07202254
3904,SAMN07202255
3905,SAMN07202256
3906,SAMN07202257
3907,SAMN07202258
3908,SAMN07202259
3909,SAMN07202260
3910,SAMN07202261
3911,SAMN07202262
3912,SAMN07202263
3913,SAMN07202264
3914,SAMN07202265
3915,SAMN07202266
3916,SAMN07202267
3917,SAMN07202268
3918,SAMN07202269
3919,SAMN07202270
3920,SAMN07202271
3921,SAMN07202272
3922,SAMN07202273
3923,SAMN07202274
3924,SAMN07202275
3925,SAMN07202276
3926,SAMN07202277
3927,SAMN07202278
3928,SAMN07202279
3929,SAMN07202280
3930,SAMN07202281
3931,SAMN07202282
3932,SAMN07202283
3933,SAMN07202284
3934,SAMN07202285
3935,SAMN07202286
3936,SAMN07202287
3937,SAMN07202288
3938,SAMN07202289
3939,SAMN07202290
3940,SAMN07202291
3941,SAMN07202292
3942,SAMN07202293
3943,SAMN07202294
3944,SAMN07202295
3945,SAMN07202296
3946,SAMN07202297
3947,SAMN07202298
3948,SAMN07202299
3949,SAMN07202300
3950,SAMN07202301
3951,SAMN07202302
3952,SAMN07202303
3953,SAMN07202304
3954,SAMN07202305
3955,SAMN07202306
3956,SAMN07202307
3957,SAMN07202308
3958,SAMN07202309
3959,SAMN07202310
3960,SAMN07202311
3961,SAMN07202312
3962,SAMN07202313
3963,SAMN07202314
3964,SAMN07202315
3965,SAMN07202316
3966,SAMN07202317
3967,SAMN07202318
3968,SAMN07202319
3969,SAMN07202320
3970,SAMN07202321
3971,SAMN07202322
3972,SAMN07202323
3973,SAMN07202324
3974,SAMN07202325
3975,SAMN07202326
3976,SAMN07202327
3977,SAMN07202328
3978,SAMN07202329
3979,SAMN07202330
3980,SAMN07202331
3981,SAMN07202332
3982,SAMN07202333
3983,SAMN07202334
3984,SAMN07202335
3985,SAMN07202336
3986,SAMN07202337
3987,SAMN07202338
3988,SAMN07202339
3989,SAMN07202340
3990,SAMN07202341
3991,SAMN07202342
3992,SAMN07202343
3993,SAMN07202344
3994,SAMN07202345
3995,SAMN07202346
3996,SAMN07202347
3997,SAMN07202348
3998,SAMN07202349
3999,SAMN07202350
4000,SAMN07202351
4001,SAMN07202352
4002,SAMN07202353
4003,SAMN07520854
4004,SAMN07521011
4005,SAMN07521012
4006,SAMN07521013
4007,SAMN07521014
4008,SAMN07521015
4009,SAMN07521016
4010,SAMN07521017
4011,SAMN07521018
4012,SAMN07521019
4013,SAMN07521020
4014,SAMN07521021
4015,SAMN07521022
4016,SAMN07521037
4017,SAMN07521038
4018,SAMN07521039
4019,SAMN07521040
4020,SAMN07521041
4021,SAMN07521042
4022,SAMN07521043
4023,SAMN07521045
4024,SAMN07540324
4025,SAMN07540325
4026,SAMN07605646
4027,SAMN07605647
4028,SAMN07605648
4029,SAMN07605649
4030,SAMN07605650
4031,SAMN07605651
4032,SAMN07637806
4033,SAMN07637808
4034,SAMN07637809
4035,SAMN07637828
4036,SAMN07637847
4037,SAMN07637848
4038,SAMN07637849
4039,SAMN07637919
4040,SAMN07637921
4041,SAMN07703162
4042,SAMN07703163
4043,SAMN07703164
4044,SAMN07703165
4045,SAMN12210913
4046,SAMN08162584
4047,SAMN08463859
4048,SAMN08463860
4049,SAMN08463861
4050,SAMN08463862
4051,SAMN08463863
4052,SAMN08463864
4053,SAMN08463865
4054,SAMN08463866
4055,SAMN08463867
4056,SAMN08463868
4057,SAMN08463869
4058,SAMN08463870
4059,SAMN08463871
4060,SAMN08463872
4061,SAMN08463873
4062,SAMN08463874
4063,SAMN08463875
4064,SAMN08463876
4065,SAMN08565566
4066,SAMN08565567
4067,SAMN08707417
4068,SAMN08707418
4069,SAMN08707419
4070,SAMN08707420
4071,SAMN09078032
4072,SAMN09078033
4073,SAMN09078034
4074,SAMN09078035
4075,SAMN09078036
4076,SAMN09078037
4077,SAMN09078038
4078,SAMN09078039
4079,SAMN09078040
4080,SAMN09078041
4081,SAMN09078042
4082,SAMN09078043
4083,SAMN09078044
4084,SAMN09078045
4085,SAMN09078046
4086,SAMN09078047
4087,SAMN09078048
4088,SAMN09078049
4089,SAMN09078050
4090,SAMN09078051
4091,SAMN09078179
4092,SAMN09078180
4093,SAMN09078181
4094,SAMN09078182
4095,SAMN09078183
4096,SAMN09078184
4097,SAMN09078185
4098,SAMN09078186
4099,SAMN09078187
4100,SAMN09078188
4101,SAMN09078189
4102,SAMN09078190
4103,SAMN09078191
4104,SAMN09078192
4105,SAMN09078193
4106,SAMN09078194
4107,SAMN09078195
4108,SAMN09078196
4109,SAMN09078197
4110,SAMN09078198
4111,SAMN09078199
4112,SAMN09078200
4113,SAMN09078201
4114,SAMN09078202
4115,SAMN09078203
4116,SAMN09078204
4117,SAMN09078205
4118,SAMN09078206
4119,SAMN09078207
4120,SAMN09078208
4121,SAMN09078247
4122,SAMN09078248
4123,SAMN09078249
4124,SAMN09078250
4125,SAMN09078251
4126,SAMN09078252
4127,SAMN09078253
4128,SAMN09078254
4129,SAMN09078255
4130,SAMN09078256
4131,SAMN09078257
4132,SAMN09078258
4133,SAMN09078259
4134,SAMN09078260
4135,SAMN09078261
4136,SAMN09078262
4137,SAMN09078263
4138,SAMN09078264
4139,SAMN09078265
4140,SAMN09078266
4141,SAMN09078267
4142,SAMN09078268
4143,SAMN09078269
4144,SAMN09078270
4145,SAMN09078271
4146,SAMN09078272
4147,SAMN09078273
4148,SAMN09078274
4149,SAMN09078275
4150,SAMN09078276
4151,SAMN09078277
4152,SAMN09078278
4153,SAMN09078279
4154,SAMN09078280
4155,SAMN09078281
4156,SAMN09078282
4157,SAMN09078283
4158,SAMN09078284
4159,SAMN09078285
4160,SAMN09078286
4161,SAMN09078287
4162,SAMN09078288
4163,SAMN09078289
4164,SAMN09078290
4165,SAMN09078291
4166,SAMN09078292
4167,SAMN09078293
4168,SAMN09078294
4169,SAMN09078295
4170,SAMN09078296
4171,SAMN09078297
4172,SAMN09078298
4173,SAMN09254263
4174,SAMN09254264
4175,SAMN09254265
4176,SAMN09254266
4177,SAMN09254267
4178,SAMN09254268
4179,SAMN09254269
4180,SAMN09254270
4181,SAMN09254271
4182,SAMN09254272
4183,SAMN09254273
4184,SAMN09254274
4185,SAMN09254275
4186,SAMN09254276
4187,SAMN09254277
4188,SAMN09254278
4189,SAMN09270594
4190,SAMN09270595
4191,SAMN09270596
4192,SAMN09270597
4193,SAMN09270598
4194,SAMN09270599
4195,SAMN09489353
4196,SAMN09489354
4197,SAMN09489355
4198,SAMN09489356
4199,SAMN09489357
4200,SAMN09489358
4201,SAMN09489359
4202,SAMN09489360
4203,SAMN09489361
4204,SAMN09489362
4205,SAMN09489363
4206,SAMN09489364
4207,SAMN09489365
4208,SAMN09489366
4209,SAMN09489367
4210,SAMN09489368
4211,SAMN09566737
4212,SAMN09566738
4213,SAMN09721524
4214,SAMN09721525
4215,SAMN09721526
4216,SAMN09721527
4217,SAMN09721528
4218,SAMN09721529
4219,SAMN09721530
4220,SAMN09721531
4221,SAMN09721532
4222,SAMN09987958
4223,SAMN09987959
4224,SAMN09987960
4225,SAMN09987961
4226,SAMN09987962
4227,SAMN09987963
4228,SAMN10476539
4229,SAMN10476540
4230,SAMN10476541
4231,SAMN10476542
4232,SAMN10476543
4233,SAMN10476544
4234,SAMN10581529
4235,SAMN10740388
4236,SAMN10740389
4237,SAMN10740390
4238,SAMN10740391
4239,SAMN10740392
4240,SAMN10740393
4241,SAMN10740394
4242,SAMN10740395
4243,SAMN10740396
4244,SAMN10740397
4245,SAMN10740398
4246,SAMN10740399
4247,SAMN10740400
4248,SAMN10740401
4249,SAMN10740402
4250,SAMN10740403
4251,SAMN10740404
4252,SAMN10740405
4253,SAMN11158927
4254,SAMN11158940
4255,SAMN11340094
4256,SAMN11340095
4257,SAMN11340096
4258,SAMN11340097
4259,SAMN11340098
4260,SAMN11340099
4261,SAMN11340100
4262,SAMN11340101
4263,SAMN11340102
4264,SAMN11340103
4265,SAMN11807719
4266,SAMN11807720
4267,SAMN11807721
4268,SAMN11807722
4269,SAMN11807723
4270,SAMN11807724
4271,SAMN11807725
4272,SAMN11807726
4273,SAMN11807727
4274,SAMN11807728
4275,SAMN11807729
4276,SAMN11807730
4277,SAMN11807731
4278,SAMN11807732
4279,SAMN11807733
4280,SAMN11807734
4281,SAMN11807735
4282,SAMN11807736
4283,SAMN11807737
4284,SAMN11807738
4285,SAMN11807739
4286,SAMN11807740
4287,SAMN11807741
4288,SAMN11807742
4289,SAMN11807743
4290,SAMN11807744
4291,SAMN11807745
4292,SAMN11807746
4293,SAMN11807747
4294,SAMN11807748
4295,SAMN11807749
4296,SAMN11807750
4297,SAMN11807751
4298,SAMN11807752
4299,SAMN11807753
4300,SAMN11807754
4301,SAMN11807755
4302,SAMN11807756
4303,SAMN11807757
4304,SAMN11807758
4305,SAMN11807759
4306,SAMN11807760
4307,SAMN11807761
4308,SAMN11807762
4309,SAMN11807763
4310,SAMN11807764
4311,SAMN11807765
4312,SAMN11807766
4313,SAMN11807767
4314,SAMN11807768
4315,SAMN11807769
4316,SAMN11807770
4317,SAMN11807771
4318,SAMN11807772
4319,SAMN11807773
4320,SAMN11807774
4321,SAMN11807775
4322,SAMN11807776
4323,SAMN11807777
4324,SAMN11807778
4325,SAMN11807779
4326,SAMN11807780
4327,SAMN11807781
4328,SAMN11807782
4329,SAMN11807783
4330,SAMN11807784
4331,SAMN11807785
4332,SAMN11807786
4333,SAMN11807787
4334,SAMN11807788
4335,SAMN11807789
4336,SAMN11807790
4337,SAMN11849869
4338,SAMN11849870
4339,SAMN11849871
4340,SAMN11849880
4341,SAMN11849881
4342,SAMN11849882
4343,SAMN11849883
4344,SAMN11849884
4345,SAMN11849885
4346,SAMN11849886
4347,SAMN11849887
4348,SAMN12040106
4349,SAMN12040107
4350,SAMN12040112
4351,SAMN12040113
4352,SAMN12040118
4353,SAMN12040119
4354,SAMN12727368
4355,SAMN12727369
4356,SAMN12727370
4357,SAMN12727371
4358,SAMN12727372
4359,SAMN12727373
4360,SAMN12727374
4361,SAMN12727375
4362,SAMN12727376
4363,SAMN12727377
4364,SAMN12727378
4365,SAMN12727379
4366,SAMN12727380
4367,SAMN12727381
4368,SAMN12727382
4369,SAMN12727383
4370,SAMN12727384
4371,SAMN12727385
4372,SAMN12727386
4373,SAMN12727387
4374,SAMN12989337
4375,SAMN12989338
4376,SAMN12989339
4377,SAMN12989340
4378,SAMN12989341
4379,SAMN12989342
4380,SAMN12989343
4381,SAMN12989344
4382,SAMN12989345
4383,SAMN13104239
4384,SAMN13104240
4385,SAMN13104241
4386,SAMN13104242
4387,SAMN13104244
4388,SAMN13104258
4389,SAMN13104259
4390,SAMN13104260
4391,SAMN13379533
4392,SAMN13520059
4393,SAMN13520060
4394,SAMN13520061
4395,SAMN13520062
4396,SAMN13520063
4397,SAMN13520064
4398,SAMN13520065
4399,SAMN13520066
4400,SAMN13520067
4401,SAMN13520068
4402,SAMN13520069
4403,SAMN13520070
4404,SAMN13520071
4405,SAMN13520072
4406,SAMN13520073
4407,SAMN13520074
4408,SAMN13520075
4409,SAMN13520076
4410,SAMN13520077
4411,SAMN13520078
4412,SAMN13520079
4413,SAMN13520080
4414,SAMN13520081
4415,SAMN13520082
4416,SAMN13520093
4417,SAMN13520094
4418,SAMN13520095
4419,SAMN13520096
4420,SAMN13520097
4421,SAMN13520098
4422,SAMN13520099
4423,SAMN13520100
4424,SAMN13520101
4425,SAMN13520102
4426,SAMN13520103
4427,SAMN13520104
4428,SAMN13520105
4429,SAMN13520106
4430,SAMN13520107
4431,SAMN13520108
4432,SAMN13520109
4433,SAMN13520110
4434,SAMN13520111
4435,SAMN13520112
4436,SAMN13520113
4437,SAMN13520114
4438,SAMN13520115
4439,SAMN13520116
4440,SAMN13520117
4441,SAMN13520118
4442,SAMN13520119
4443,SAMN13520120
4444,SAMN13520121
4445,SAMN13520122
4446,SAMN13611594
4447,SAMN14069575
4448,SAMN14069576
4449,SAMN14069577
4450,SAMN14069578
4451,SAMN14069579
4452,SAMN14069580
4453,SAMN14360503
4454,SAMN14360504
4455,SAMN14360505
4456,SAMN14360506
4457,SAMN14360507
4458,SAMN14360508
4459,SAMN14360509
4460,SAMN14360510
4461,SAMN14409612
4462,SAMN14409613
4463,SAMN14409614
4464,SAMN14409618
4465,SAMN14409619
4466,SAMN14409620
4467,SAMN14474680
4468,SAMN14474681
4469,SAMN14474682
4470,SAMN14474683
4471,SAMN14474688
4472,SAMN14474689
4473,SAMN14474690
4474,SAMN14474691
4475,SAMN14604351
4476,SAMN14604352
4477,SAMN14604353
4478,SAMN14604354
4479,SAMN14604355
4480,SAMN14604356
4481,SAMN14604357
4482,SAMN14604358
4483,SAMN14604359
4484,SAMN14604360
4485,SAMN14604361
4486,SAMN14604362
4487,SAMN14614943
4488,SAMN14614944
4489,SAMN14614945
4490,SAMN14614949
4491,SAMN14614950
4492,SAMN14614951
4493,SAMN14752205
4494,SAMN14752206
4495,SAMN14752207
4496,SAMN14752208
4497,SAMN14752209
4498,SAMN14752210
4499,SAMN14752211
4500,SAMN14752212
4501,SAMN14752213
4502,SAMN14752214
4503,SAMN14752215
4504,SAMN14752216
4505,SAMN14752281
4506,SAMN14752282
4507,SAMN14752283
4508,SAMN14752284
4509,SAMN14752285
4510,SAMN14752286
4511,SAMN14752287
4512,SAMN14752288
4513,SAMN14752289
4514,SAMN14752290
4515,SAMN14752291
4516,SAMN14752292
4517,SAMN14766564
4518,SAMN14766565
4519,SAMN14766566
4520,SAMN14766567
4521,SAMN14858276
4522,SAMN14858277
4523,SAMN14918701
4524,SAMN14918702
4525,SAMN14918703
4526,SAMN14918704
4527,SAMN14918705
4528,SAMN14918706
4529,SAMN15041178
4530,SAMN15041179
4531,SAMN15041180
4532,SAMN15041181
4533,SAMN15041182
4534,SAMN15041183
4535,SAMN15041184
4536,SAMN15041185
4537,SAMN15041186
4538,SAMN15041187
4539,SAMN15041188
4540,SAMN15041189
4541,SAMN15041190
4542,SAMN15041191
4543,SAMN15041192
4544,SAMN15041193
4545,SAMN15041194
4546,SAMN15041195
4547,SAMN15041196
4548,SAMN15041197
4549,SAMN15041198
4550,SAMN15041199
4551,SAMN15041200
4552,SAMN15041201
4553,SAMN15041202
4554,SAMN15041203
4555,SAMN15041204
4556,SAMN15041205
4557,SAMN15041206
4558,SAMN15041207
4559,SAMN15041208
4560,SAMN15041209
4561,SAMN15041637
4562,SAMN15041638
4563,SAMN15041639
4564,SAMN15041640
4565,SAMN15041641
4566,SAMN15041642
4567,SAMN15041789
4568,SAMN15041790
4569,SAMN15041791
4570,SAMN15097860
4571,SAMN15097863
4572,SAMN15097864
4573,SAMN15097865
4574,SAMN15097866
4575,SAMN15097870
4576,SAMN15097871
4577,SAMN15097873
4578,SAMN15097874
4579,SAMN15097875
4580,SAMN15097876
4581,SAMN15097877
4582,SAMN15142307
4583,SAMN15142308
4584,SAMN15142309
4585,SAMN15142310
4586,SAMN15142311
4587,SAMN15142312
4588,SAMN15455601
4589,SAMN15455602
4590,SAMN15455603
4591,SAMN15455607
4592,SAMN15455608
4593,SAMN15455609
4594,SAMN15464731
4595,SAMN15464732
4596,SAMN15464733
4597,SAMN15464734
4598,SAMN15464735
4599,SAMN15464736
4600,SAMN15464737
4601,SAMN15464738
4602,SAMN15464739
4603,SAMN15464740
4604,SAMN15464741
4605,SAMN15464742
4606,SAMN15794000
4607,SAMN15794001
4608,SAMN15794002
4609,SAMN15794003
4610,SAMN15794004
4611,SAMN15794005
4612,SAMN15794006
4613,SAMN15794007
4614,SAMN15825667
4615,SAMN15825668
4616,SAMN15825669
4617,SAMN15835458
4618,SAMN15835459
4619,SAMN15945237
4620,SAMN15963226
4621,SAMN15963227
4622,SAMN15963228
4623,SAMN15963229
4624,SAMN15963230
4625,SAMN15963231
4626,SAMN15963232
4627,SAMN15963233
4628,SAMN15963234
4629,SAMN15963235
4630,SAMN15963236
4631,SAMN16113911
4632,SAMN16132135
4633,SAMN16132136
4634,SAMN16132137
4635,SAMN16132138
4636,SAMN16132139
4637,SAMN16132140
4638,SAMN16132141
4639,SAMN16132142
4640,SAMN16132143
4641,SAMN16132144
4642,SAMN16132145
4643,SAMN16132146
4644,SAMN16226299
4645,SAMN16226300
4646,SAMN16226301
4647,SAMN16226302
4648,SAMN16226303
4649,SAMN16226304
4650,SAMN16294991
4651,SAMN16294992
4652,SAMN16294993
4653,SAMN16295006
4654,SAMN16295007
4655,SAMN16295008
4656,SAMN16424521
4657,SAMN16424522
4658,SAMN16424523
4659,SAMN16424524
4660,SAMN16424525
4661,SAMN16424526
4662,SAMN16424527
4663,SAMN16424528
4664,SAMN16483336
4665,SAMN16483337
4666,SAMN16483338
4667,SAMN16483339
4668,SAMN16483340
4669,SAMN16483341
4670,SAMN16483342
4671,SAMN16483343
4672,SAMN16483344
4673,SAMN16483345
4674,SAMN16483346
4675,SAMN16483347
4676,SAMN16483348
4677,SAMN16483349
4678,SAMN16483350
4679,SAMN16483352
4680,SAMN16483353
4681,SAMN16522677
4682,SAMN16522678
4683,SAMN16522679
4684,SAMN16522680
4685,SAMN16522681
4686,SAMN16522682
4687,SAMN16522722
4688,SAMN16522723
4689,SAMN16522724
4690,SAMN16522725
4691,SAMN16522726
4692,SAMN16932271
4693,SAMN16932272
4694,SAMN16932273
4695,SAMN16932274
4696,SAMN16932275
4697,SAMN16932278
4698,SAMN17050111
4699,SAMN17050112
4700,SAMN17050113
4701,SAMN17050117
4702,SAMN17050118
4703,SAMN17050119
4704,SAMN17141045
4705,SAMN17141046
4706,SAMN17141047
4707,SAMN17141048
4708,SAMN17141049
4709,SAMN17141050
4710,SAMN17205613
4711,SAMN17205614
4712,SAMN17205615
4713,SAMN17266875
4714,SAMN17360593
4715,SAMN17360594
4716,SAMN17360595
4717,SAMN17360596
4718,SAMN17360597
4719,SAMN17360598
4720,SAMN17492734
4721,SAMN17492736
4722,SAMN17492737
4723,SAMN17492739
4724,SAMN17492740
4725,SAMN17492742
4726,SAMN17521702
4727,SAMN17976292
4728,SAMN17976293
4729,SAMN17976294
4730,SAMN21359665
4731,SAMN21359666
4732,SAMN21359667
4733,SAMN21359668
4734,SAMN21359669
4735,SAMN21359670
4736,SAMN21359671
4737,SAMN21359672
4738,SAMN21359673
4739,SAMN21359674
4740,SAMN21359675
4741,SAMN21359676
4742,SAMN21359677
4743,SAMN21359678
4744,SAMN21359679
4745,SAMN21359680
4746,SAMN21359681
4747,SAMN21359682
4748,SAMN21359683
4749,SAMN21359684
4750,SAMN21359685
4751,SAMN21359686
4752,SAMN21359687
4753,SAMN21359688
4754,SAMN21359689
4755,SAMN21359690
4756,SAMN21359691
4757,SAMN21359692
4758,SAMN21359693
4759,SAMN21359694
4760,SAMN21359695
4761,SAMN21359696
4762,SAMN21359697
4763,SAMN21359698
4764,SAMN21359699
4765,SAMN21359700
4766,SAMN21359701
4767,SAMN21359702
4768,SAMN21359703
4769,SAMN21359704
4770,SAMN21359705
4771,SAMN21359706
4772,SAMN21359707
4773,SAMN21359708
4774,SAMN21359710
4775,SAMN21359711
4776,SAMN21359712
4777,SAMN21359713
4778,SAMN21359714
4779,SAMN21359715
4780,SAMN21359716
4781,SAMN21359717
4782,SAMN21359718
4783,SAMN21359719
4784,SAMN21359720
4785,SAMN21359721
4786,SAMN21359722
4787,SAMN21359723
4788,SAMN21359724
4789,SAMN21359725
4790,SAMN21359726
4791,SAMN21359727
4792,SAMN21359728
4793,SAMN21359729
4794,SAMN21359730
4795,SAMN21359731
4796,SAMN21359732
4797,SAMN21359733
4798,SAMN21359734
4799,SAMN21359735
4800,SAMN21359736
4801,SAMN21359737
4802,SAMN21359738
4803,SAMN21359739
4804,SAMN21359740
4805,SAMN21359741
4806,SAMN21359742
4807,SAMN21359743
4808,SAMN21359744
4809,SAMN21359745
4810,SAMN21359746
4811,SAMN21359747
4812,SAMN21359748
4813,SAMN21359749
4814,SAMN21359750
4815,SAMN21359751
4816,SAMN21359752
4817,SAMN21359753
4818,SAMN21359754
4819,SAMN21359755
4820,SAMN21359756
4821,SAMN21359757
4822,SAMN21359758
4823,SAMN21359759
4824,SAMN21359760
4825,SAMN21359761
4826,SAMN21359762
4827,SAMN21359763
4828,SAMN21359764
4829,SAMN21359765
4830,SAMN21359766
4831,SAMN21359767
4832,SAMN21359768
4833,SAMN21359769
4834,SAMN21359770
4835,SAMN21359771
4836,SAMN21359772
4837,SAMN18355927
4838,SAMN18559414
4839,SAMN18559415
4840,SAMN18559416
4841,SAMN18559417
4842,SAMN18559418
4843,SAMN18559419
4844,SAMN18559420
4845,SAMN18559421
4846,SAMN18559422
4847,SAMN18795969
4848,SAMN18795970
4849,SAMN18795971
4850,SAMN18795972
4851,SAMN18795973
4852,SAMN18795974
4853,SAMN18825607
4854,SAMN18825608
4855,SAMN18825610
4856,SAMN18825612
4857,SAMN18825613
4858,SAMN18825614
4859,SAMN18825616
4860,SAMN18825625
4861,SAMN18825626
4862,SAMN18929611
4863,SAMN18929612
4864,SAMN18929613
4865,SAMN18929614
4866,SAMN18929615
4867,SAMN18929626
4868,SAMN18929627
4869,SAMN18929630
4870,SAMN18929631
4871,SAMN18929632
4872,SAMN18929633
4873,SAMN18929634
4874,SAMN19156971
4875,SAMN19243690
4876,SAMN19243691
4877,SAMN19243692
4878,SAMN19243693
4879,SAMN19243694
4880,SAMN19243695
4881,SAMN19243696
4882,SAMN19243697
4883,SAMN19243698
4884,SAMN19243699
4885,SAMN19243700
4886,SAMN19243701
4887,SAMN19243702
4888,SAMN19243703
4889,SAMN19243704
4890,SAMN19243705
4891,SAMN19243706
4892,SAMN19243707
4893,SAMN19243709
4894,SAMN19243710
4895,SAMN19243711
4896,SAMN19243712
4897,SAMN19243713
4898,SAMN19243714
4899,SAMN19243715
4900,SAMN19243716
4901,SAMN19243717
4902,SAMN19243718
4903,SAMN19243719
4904,SAMN19243720
4905,SAMN19243721
4906,SAMN19243722
4907,SAMN19243723
4908,SAMN19243724
4909,SAMN19243725
4910,SAMN19243726
4911,SAMN19243727
4912,SAMN19243728
4913,SAMN19243729
4914,SAMN19243731
4915,SAMN19243733
4916,SAMN19243734
4917,SAMN19243735
4918,SAMN19243736
4919,SAMN19243737
4920,SAMN19243738
4921,SAMN19243739
4922,SAMN19243740
4923,SAMN19243741
4924,SAMN19243744
4925,SAMN19243745
4926,SAMN19243746
4927,SAMN19243747
4928,SAMN19243748
4929,SAMN19243749
4930,SAMN19243750
4931,SAMN19243752
4932,SAMN19243753
4933,SAMN19243754
4934,SAMN19243756
4935,SAMN19243757
4936,SAMN19243758
4937,SAMN19243760
4938,SAMN19243761
4939,SAMN19243762
4940,SAMN19243763
4941,SAMN19243764
4942,SAMN19245808
4943,SAMN19245812
4944,SAMN19245814
4945,SAMN19245815
4946,SAMN19245816
4947,SAMN19245818
4948,SAMN19245820
4949,SAMN19245824
4950,SAMN19245827
4951,SAMN19245829
4952,SAMN19245831
4953,SAMN19245832
4954,SAMN19245837
4955,SAMN19245839
4956,SAMN19245841
4957,SAMN19245842
4958,SAMN19245845
4959,SAMN19245846
4960,SAMN19245848
4961,SAMN19245850
4962,SAMN19245852
4963,SAMN19245853
4964,SAMN19245854
4965,SAMN19271361
4966,SAMN19271362
4967,SAMN19271363
4968,SAMN19271364
4969,SAMN19271366
4970,SAMN19271368
4971,SAMN19271369
4972,SAMN19271371
4973,SAMN19271372
4974,SAMN19271373
4975,SAMN19271374
4976,SAMN19271376
4977,SAMN19271377
4978,SAMN19271378
4979,SAMN19271380
4980,SAMN19271381
4981,SAMN19271382
4982,SAMN19271383
4983,SAMN19271384
4984,SAMN19271385
4985,SAMN19271386
4986,SAMN19271388
4987,SAMN19271389
4988,SAMN19271390
4989,SAMN19271391
4990,SAMN19271392
4991,SAMN19271393
4992,SAMN19271394
4993,SAMN19271395
4994,SAMN19271397
4995,SAMN19271398
4996,SAMN19271399
4997,SAMN19271400
4998,SAMN19271402
4999,SAMN19271403
5000,SAMN19271405
5001,SAMN19271406
5002,SAMN19271407
5003,SAMN19271408
5004,SAMN19271409
5005,SAMN19271410
5006,SAMN19288378
5007,SAMN19288379
5008,SAMN19288380
5009,SAMN19288381
5010,SAMN19288382
5011,SAMN19288383
5012,SAMN19288384
5013,SAMN19288385
5014,SAMN19288386
5015,SAMN19288387
5016,SAMN19288388
5017,SAMN19288389
5018,SAMN19288396
5019,SAMN19288397
5020,SAMN19288398
5021,SAMN19288399
5022,SAMN19288400
5023,SAMN19288401
5024,SAMN19901944
5025,SAMN19901945
5026,SAMN19901946
5027,SAMN19901947
5028,SAMN19901948
5029,SAMN19901949
5030,SAMN19901950
5031,SAMN19901957
5032,SAMN19901958
5033,SAMN19901959
5034,SAMN19901961
5035,SAMN19901962
5036,SAMN20371395
5037,SAMN20371396
5038,SAMN20371397
5039,SAMN20371398
5040,SAMN20525661
5041,SAMN20525662
5042,SAMN20525663
5043,SAMN20525664
5044,SAMN20841304
5045,SAMN20841305
5046,SAMN20967642
5047,SAMN20967643
5048,SAMN20967644
5049,SAMN20967645
5050,SAMN20967646
5051,SAMN20967667
5052,SAMN21216007
5053,SAMN21216008
5054,SAMN21216009
5055,SAMN21216010
5056,SAMN21216011
5057,SAMN21216012
5058,SAMN21216013
5059,SAMN21216014
5060,SAMN22583752
5061,SAMN22591248
5062,SAMN22593243
5063,SAMN22612659
5064,SAMN22627653
5065,SAMN22627948
5066,SAMN23019675
5067,SAMN23019678
5068,SAMN24108170
5069,SAMN24108171
5070,SAMN24108172
5071,SAMN24108173
5072,SAMN24108174
5073,SAMN24108175
5074,SAMN24108176
5075,SAMN24108177
5076,SAMN24974157
5077,SAMN24974158
5078,SAMN24974159
5079,SAMN24974160
5080,SAMN24974161
5081,SAMN24974162
5082,SAMN24974163
5083,SAMN24974164
5084,SAMN24974165
5085,SAMN24974166
5086,SAMN24974167
5087,SAMN24974168
5088,SAMN25601479
5089,SAMN25601480
5090,SAMN25601481
5091,SAMN25601482
5092,SAMN25601483
5093,SAMN25601484
5094,SAMN27281649
5095,SAMN27281650
5096,SAMN27281651
5097,SAMN27281652
5098,SAMN27281653
5099,SAMN27281654
5100,SAMN27281655
5101,SAMN27281656
5102,SAMN27281657
5103,SAMN27281658
5104,SAMN27281659
5105,SAMN27281660
5106,SAMN27611595
5107,SAMN27611596
5108,SAMN27611597
5109,SAMN27611598
5110,SAMN27611599
5111,SAMN27611600
5112,SAMN27775852
5113,SAMN27775853
5114,SAMN27775854
5115,SAMN27775855
5116,SAMN27775856
5117,SAMN27775857
5118,SAMN27775858
5119,SAMN27775859
5120,SAMN27775860
5121,SAMN27775861
5122,SAMN27775862
5123,SAMN27775863
5124,SAMN27775864
5125,SAMN27775865
5126,SAMN27775866
5127,SAMN27775867
5128,SAMN27775868
5129,SAMN27775869
5130,SAMN27775870
5131,SAMN27775871
5132,SAMN27775872
5133,SAMN27775873
5134,SAMN27775874
5135,SAMN27775875
5136,SAMN28054338
5137,SAMN28054339
5138,SAMN28054340
5139,SAMN28054341
5140,SAMN28054342
5141,SAMN28054343
5142,SAMN16294994
5143,SAMN16294995
5144,SAMN16294996
5145,SAMN16295009
5146,SAMN16295010
5147,SAMN16295011
5148,SAMN00265077
5149,SAMN02746744
5150,SAMN02746746
5151,SAMN02746747
5152,SAMN02746877
5153,SAMN02746993
5154,SAMN02747031
5155,SAMN02776959
5156,SAMN02776960
5157,SAMN02776961
5158,SAMN02225589
5159,SAMN02225590
5160,SAMN02225591
5161,SAMN02225592
5162,SAMN02225593
5163,SAMN02225594
5164,SAMN02225595
5165,SAMN02225596
5166,SAMN02225597
5167,SAMN02225598
5168,SAMN02225599
5169,SAMN02225600
5170,SAMN02225601
5171,SAMN02225602
5172,SAMN02225603
5173,SAMN02225604
5174,SAMN02225605
5175,SAMN02225606
5176,SAMN02225607
5177,SAMN02225608
5178,SAMN02225609
5179,SAMN02225610
5180,SAMN05202575
5181,SAMN05202576
5182,SAMN14379813
5183,SAMN16294997
5184,SAMN16294998
5185,SAMN16294999
5186,SAMN16295012
5187,SAMN16295013
5188,SAMN16295014
5189,SAMN16427374
5190,SAMN16427378
5191,SAMN16427382
5192,SAMN16427386
5193,SAMN16427390
5194,SAMN16427394
5195,SAMN16427398
5196,SAMN18613997
5197,SAMN18613998
5198,SAMN18613999
5199,SAMN18614000
5200,SAMN18614001
5201,SAMN18614002
5202,SAMN18614003
5203,SAMN18614004
5204,SAMN18614005
5205,SAMN18614006
5206,SAMN18614007
5207,SAMN18614008
5208,SAMN18614009
5209,SAMN18614010
5210,SAMN18614011
5211,SAMN18614012
5212,SAMN18614013
5213,SAMN18614014
5214,SAMN18614015
5215,SAMN18614016
5216,SAMN18614017
5217,SAMN18614018
5218,SAMN18614019
5219,SAMN18614020
5220,SAMN20525556
5221,SAMN20525557
5222,SAMN20525650
5223,SAMN20525651
5224,SAMN21014840
5225,SAMN24104365
5226,SAMN24224858
5227,SAMN24224859
5228,SAMN24224860
5229,SAMN24224861
5230,SAMN24224862
5231,SAMN24224863
5232,SAMN24224864
5233,SAMN24224865
5234,SAMN24224866
5235,SAMN01832614
5236,SAMN02046336
5237,SAMN02046337
5238,SAMN02046342
5239,SAMN02046343
5240,SAMN02046344
5241,SAMN02046345
5242,SAMN02799146
5243,SAMN02799150
5244,SAMN02191990
5245,SAMN02191991
5246,SAMN02191992
5247,SAMN02191993
5248,SAMN02191994
5249,SAMN02191995
5250,SAMN02191996
5251,SAMN02191997
5252,SAMN02191998
5253,SAMN02191999
5254,SAMN02192000
5255,SAMN02192001
5256,SAMN02192002
5257,SAMN02192003
5258,SAMN02192004
5259,SAMN02192005
5260,SAMN02192006
5261,SAMN02192007
5262,SAMN02192008
5263,SAMN02192009
5264,SAMN02192010
5265,SAMN02192011
5266,SAMN02192012
5267,SAMN02192013
5268,SAMN02640338
5269,SAMN02640339
5270,SAMN02640340
5271,SAMN02640341
5272,SAMN02640342
5273,SAMN02640343
5274,SAMN02640344
5275,SAMN02640345
5276,SAMN02640346
5277,SAMN02640347
5278,SAMN02640348
5279,SAMN02640349
5280,SAMN02746729
5281,SAMN02746730
5282,SAMN02746731
5283,SAMN02746732
5284,SAMN02746733
5285,SAMN02746735
5286,SAMN02746737
5287,SAMN02746738
5288,SAMN02746739
5289,SAMN02746740
5290,SAMN02746741
5291,SAMN02746742
5292,SAMN02746743
5293,SAMN02746745
5294,SAMN02746751
5295,SAMN02746752
5296,SAMN02746755
5297,SAMN02746756
5298,SAMN02746757
5299,SAMN02746758
5300,SAMN02746760
5301,SAMN02746761
5302,SAMN02746762
5303,SAMN02746763
5304,SAMN02746764
5305,SAMN02746765
5306,SAMN02746766
5307,SAMN02746767
5308,SAMN02746789
5309,SAMN02746825
5310,SAMN02746956
5311,SAMN02776938
5312,SAMN02776943
5313,SAMN02776945
5314,SAMN02776946
5315,SAMN02776948
5316,SAMN02776949
5317,SAMN02776950
5318,SAMN02776951
5319,SAMN02776952
5320,SAMN02776953
5321,SAMN02776954
5322,SAMN02776955
5323,SAMN02776956
5324,SAMN02776957
5325,SAMN02776958
5326,SAMN03000708
5327,SAMN03000709
5328,SAMN03000710
5329,SAMN03000711
5330,SAMN03000712
5331,SAMN03000713
5332,SAMN03000714
5333,SAMN03000715
5334,SAMN03000716
5335,SAMN03000717
5336,SAMN03000718
5337,SAMN03000719
5338,SAMN03000720
5339,SAMN03000721
5340,SAMN05937014
5341,SAMN05937015
5342,SAMN05937016
5343,SAMN05937018
5344,SAMN05937019
5345,SAMN05937020
5346,SAMN05937021
5347,SAMN05937022
5348,SAMN05937023
5349,SAMN05937024
5350,SAMN05937025
5351,SAMN05937026
5352,SAMN07147960
5353,SAMN07147961
5354,SAMN07147962
5355,SAMN12172309
5356,SAMN14272024
5357,SAMN14272025
5358,SAMN14272026
5359,SAMN14272027
5360,SAMN14272028
5361,SAMN14272029
5362,SAMN14272030
5363,SAMN14272031
5364,SAMN14272043
5365,SAMN14272044
5366,SAMN14272045
5367,SAMN14277246
5368,SAMN14277278
5369,SAMN14277279
5370,SAMN14277280
5371,SAMN14277281
5372,SAMN14277282
5373,SAMN14277283
5374,SAMN14277284
5375,SAMN14277285
